tree
version=v4
num_class=1
num_tree_per_iteration=1
label_index=0
max_feature_idx=4
objective=binary sigmoid:1
feature_names=tic_strength tic_velocity tic_order_book_imbalance min3_relative_position tic_volume_spike
feature_infos=none [166.66666666666666:39451833.333333336] none [-0.074056347914871895:0.12303244458721491] [0:210.85041464559535]
tree_sizes=3518 3573 3570 3572 3569 3577 3568 3579 3567 3575 3604 3606 3593 3599 3604 3591 3593 3597 3593 3601 3608 3602 3615 3623 3592 3603 3602 3605 3590 3619 3162 3483 2732 3174 2953 3610 3621 3604 3586 3607 2634 2744 2308 3610 2198 3053 2736 2865 2736 2957 3494 3494 3389 3068 2209 3612 3621 3616 3612 3607 2430 1998 2197 2868 2751 1680 1683 1439 1794 1449 2955 2342 1994 2436 1975 2739 2849 2854 2849 1228

Tree=0
num_leaves=32
num_cat=0
split_feature=3 1 1 3 3 1 3 1 3 3 1 3 4 3 1 4 3 3 3 3 4 3 1 3 3 3 1 1 1 4 1
split_gain=269.192 124.479 70.2241 53.3604 53.0896 51.7311 25.4431 22.8317 16.6626 15.7459 15.2216 14.9628 11.6268 11.5231 10.3915 11.4531 8.92893 8.61271 10.3042 8.40216 7.53043 6.91879 15.2225 7.28489 9.50362 6.37057 6.01812 5.72195 5.70739 5.26456 5.47002
threshold=0.020181713655976031 1083.3333333333337 5583.3333333333348 0.043358156653060406 0.0020155580655950873 6916.666666666667 0.051218051935596025 3750.0000000000005 0.039608951256129628 0.02638743933882744 19083.333333333339 0.008508458052985687 2.5195846976948748 0.070259516594200641 583.33333333333337 0.71890766877858348 -0.0077448653050572192 0.029238427465568092 0.047611026380430528 0.045284923092398281 1.2191801618407283 0.014497664423413126 2250.0000000000005 0.009373117496700686 0.0057267143615375897 0.024836579451171337 8750.0000000000018 11916.66666666667 1916.6666666666667 0.69823800051631135 21750.000000000004
decision_type=2 2 2 2 2 2 2 2 2 2 2 2 2 2 2 2 2 2 2 2 2 2 2 2 2 2 2 2 2 2 2
left_child=2 6 12 5 10 8 17 13 9 -3 20 29 21 -5 -8 -16 -12 25 19 -19 -4 23 -23 24 -1 -2 -13 -7 -25 30 -6
right_child=1 3 4 7 11 27 14 -9 -10 -11 16 26 -14 -15 15 -17 -18 18 -20 -21 -22 22 -24 28 -26 -27 -28 -29 -30 -31 -32
leaf_value=-0.16826640888630695 -0.15740172678848766 -0.14586710530466684 -0.16415675129886717 -0.11909787240401311 -0.14862893574831743 -0.11742539443860103 -0.14556081049065894 -0.082444432448168764 -0.16322520334608778 -0.12836878424942666 -0.14300966590074388 -0.1451360917058909 -0.14160848704031667 -0.095658312411398438 -0.14730734456594854 -0.12055032623786975 -0.15469773517633179 -0.15339192833285303 -0.17241155237160974 -0.132612177361489 -0.15370217288705665 -0.17092493202336836 -0.14498487163607288 -0.18622561886095299 -0.15519060701296078 -0.17997249985300323 -0.13302532575312492 -0.10149709355881828 -0.16914053284623681 -0.15046834678732482 -0.13476844065591823
leaf_weight=693.61160293221474 68.615341365337372 212.30978813767433 663.03302688896656 224.98870991170406 153.14148652553558 120.5740600079298 296.09011436998844 73.338861241936684 59.168301612138748 325.92287148535252 192.17267708480358 148.16936033964157 50.964293405413628 68.366735056042671 62.400183632969856 111.37562656402588 1091.3816978037357 185.95751935243607 51.95871864259243 65.880671963095665 232.69550549983978 113.61308334767818 112.61865811049938 83.283113613724709 173.77581019699574 57.428057447075844 333.38106076419353 105.90628775954247 118.3366032242775 582.48458267748356 133.00437547266483
leaf_count=2790 276 854 2667 905 616 485 1191 295 238 1311 773 596 205 275 251 448 4390 748 209 265 936 457 453 335 699 231 1341 426 476 2343 535
internal_value=-0.148882 -0.13387 -0.155318 -0.123264 -0.151612 -0.130325 -0.147906 -0.107397 -0.13804 -0.135271 -0.156439 -0.143821 -0.165034 -0.113635 -0.139864 -0.130158 -0.152948 -0.156697 -0.152139 -0.147956 -0.161441 -0.165956 -0.158012 -0.167637 -0.165647 -0.167685 -0.136752 -0.109977 -0.176198 -0.14774 -0.142186
internal_weight=6965.95 2090.28 4875.67 1190.58 3529.46 823.881 899.706 366.694 597.401 538.233 2179.28 1350.18 1346.2 293.355 469.866 173.776 1283.55 429.84 303.797 251.838 895.729 1295.24 226.232 1069.01 867.387 126.043 481.55 226.48 201.62 868.63 286.146
internal_count=28020 8408 19612 4789 14197 3314 3619 1475 2403 2165 8766 5431 5415 1180 1890 699 5163 1729 1222 1013 3603 5210 910 4300 3489 507 1937 911 811 3494 1151
is_linear=0
shrinkage=1


Tree=1
num_leaves=32
num_cat=0
split_feature=3 1 1 3 1 3 3 1 3 1 3 1 3 4 3 3 4 3 3 3 4 1 1 3 4 4 1 3 3 1 1
split_gain=242.816 106.201 64.8105 57.0409 41.5846 40.6909 31.0629 17.774 14.2575 13.7621 12.8519 10.6399 10.5925 10.4975 9.47097 9.33651 8.70393 8.52741 8.13513 8.05949 6.81307 6.66951 5.39618 5.37139 4.9083 4.74819 4.92827 4.66299 5.0282 4.5467 4.29531
threshold=0.017552136961179906 1583.3333333333337 5583.3333333333348 0.043358156653060406 6750.0000000000009 0.0020155580655950873 0.051218051935596025 583.33333333333337 0.067635830357238386 19083.333333333339 0.02638743933882744 2583.3333333333335 0.037388873613864962 2.1689075315742161 0.008508458052985687 0.074375793676680388 0.64791689569404787 0.02300488354960491 0.029238427465568092 -0.0077448653050572192 1.2191801618407283 916.66666666666686 8750.0000000000018 0.02300488354960491 0.39580687231468925 0.69823800051631135 21750.000000000004 0.093488350843671825 0.065532227072892371 20583.333333333339 8083.3333333333348
decision_type=2 2 2 2 2 2 2 2 2 2 2 2 2 2 2 2 2 2 2 2 2 2 2 2 2 2 2 2 2 2 2
left_child=2 6 13 4 10 9 18 27 11 20 -3 -5 -12 -1 25 16 -9 -6 23 -11 -4 -20 -16 -2 -21 26 -7 28 -8 -24 -22
right_child=1 3 5 8 17 14 7 15 -10 19 12 -13 -14 -15 22 -17 -18 -19 21 24 30 -23 29 -25 -26 -27 -28 -29 -30 -31 -32
leaf_value=-0.016905741283233876 -0.0016142775495232575 0.0029975402462548871 -0.013838111088896321 0.024577859864011037 0.023662238928498534 0.00092940545656420171 0.0091916702634696219 -0.0013575954390678102 0.06587370748732195 0.0062646829933471941 0.023640023236464715 0.049117773034369525 0.0016701588051823855 0.0024832895234709702 0.0022051620609464155 0.038226742538100766 0.022523452569682755 0.041210693070803397 -0.0043270929208861827 0.0074359385031633465 0.0086643801599658316 0.0092677609149154436 0.019309427838387457 -0.017594663116705336 -0.0057542060438903831 -0.00081802057712099122 0.014081710132989526 0.017602031500695097 -0.0052625589022725619 0.0061785313253744636 -0.0075678788133254869
leaf_weight=1148.2368108928204 84.187713742256165 261.57501848042011 662.27829802036285 75.232902556657791 113.30554321408272 153.15263915061951 105.93785583972931 51.503744885325432 67.589653864502907 192.26528660953045 222.33280654251575 106.97962103784084 72.836798831820488 74.328082680702209 123.10059562325478 64.507619470357895 147.21043568849564 177.95482091605663 265.70456962287426 75.795619115233421 52.688205301761627 136.59542362391949 187.91743837296963 140.07463495433331 1015.1642756909132 582.44701583683491 133.14452536404133 50.979484617710114 139.26103115081787 101.55008590221405 179.93519169092178
leaf_count=4625 339 1052 2667 302 455 616 426 207 271 773 893 429 293 299 495 259 591 714 1069 305 212 549 755 564 4085 2343 535 205 560 408 724
internal_value=0.000688486 0.0140549 -0.00583131 0.0252617 0.0190758 -0.0023342 0.00368109 0.0122451 0.0462608 -0.00649332 0.0110673 0.0389856 0.0182187 -0.0157269 0.00473597 0.0216991 0.0163338 0.034384 -0.00396491 -0.00317432 -0.0112525 0.000288853 0.0109739 -0.0115957 -0.00483781 0.00177358 0.00704598 0.00384302 0.000982372 0.0147029 -0.00389134
internal_weight=6965.77 2283.77 4682 1097.81 848.005 3459.44 1185.96 559.4 249.802 2178.13 556.745 182.213 295.17 1222.56 1281.31 263.222 198.714 291.26 626.562 1283.23 894.902 402.3 412.568 224.262 1090.96 868.744 286.297 296.178 245.199 289.468 232.623
internal_count=28020 9178 18842 4409 3407 13918 4769 2248 1002 8766 2238 731 1186 4924 5152 1057 798 1169 2521 5163 3603 1618 1658 903 4390 3494 1151 1191 986 1163 936
is_linear=0
shrinkage=0.05


Tree=2
num_leaves=32
num_cat=0
split_feature=3 1 1 3 3 1 3 1 3 3 3 1 4 3 4 4 1 4 3 3 3 3 4 3 1 3 3 3 1 1 1
split_gain=219.575 101.933 57.6331 43.506 43.2383 41.725 20.6174 19.1235 14.6183 12.7953 12.6382 12.4433 9.75945 9.1434 8.56196 9.74263 8.21852 9.79884 7.2748 7.18157 9.31031 7.62457 6.25003 5.66547 13.7567 6.61974 8.61158 5.65007 5.4136 5.20228 5.12774
threshold=0.020181713655976031 1083.3333333333337 5583.3333333333348 0.043358156653060406 0.0020155580655950873 6916.666666666667 0.051218051935596025 3750.0000000000005 0.039608951256129628 0.02638743933882744 0.010876924234679107 19083.333333333339 2.5195846976948748 0.070259516594200641 1.1659290070376913 1.0288308885668018 583.33333333333337 0.71890766877858348 -0.0077448653050572192 0.029238427465568092 0.047611026380430528 0.045284923092398281 1.8362404016839737 0.014497664423413126 2250.0000000000005 0.009373117496700686 0.0057267143615375897 0.024836579451171337 8750.0000000000018 1916.6666666666667 11916.66666666667
decision_type=2 2 2 2 2 2 2 2 2 2 2 2 2 2 2 2 2 2 2 2 2 2 2 2 2 2 2 2 2 2 2
left_child=2 6 12 5 11 8 19 13 9 -3 14 22 23 -5 15 -6 -8 -18 -13 27 21 -21 -4 25 -25 26 -1 -2 -12 -27 -7
right_child=1 3 4 7 10 30 16 -9 -10 -11 28 18 -14 -15 -16 -17 17 -19 -20 20 -22 -23 -24 24 -26 29 -28 -29 -30 -31 -32
leaf_value=-0.01695350394273137 -0.0068002809088499221 0.0035027331209583562 -0.012083521233576353 0.027503371331651916 0.0032084754513730233 0.028589917932778632 0.0036497640204126124 0.060837909106913626 -0.01313326201290595 0.019267273484795722 0.0048141028010295697 0.0059487753639878597 0.0074701510363793262 0.048333944881507683 -0.0047166732246110878 0.020873088543225778 0.0014749601304003346 0.026200853427949301 -0.0045977389843586819 -0.0034843487539951944 -0.021568650533157176 0.01630471163334362 0.0019356653554650932 -0.019934103894738913 0.0047411816380061979 -0.034129900380367853 -0.004494056240208019 -0.028088301708018393 0.018271452705513305 -0.017785822396371994 0.043636299300272935
leaf_weight=691.57976092398167 68.504500672221184 212.38148255646229 805.84371660649776 225.76135675609112 634.09788639843464 121.05363696813583 296.25402849912643 73.732554286718369 59.122906923294067 326.72858117520809 113.44248159229755 192.34940692782402 51.002710983157158 68.713917195796967 295.64172542095184 89.013741686940193 62.467756301164627 111.74990509450436 1090.5432237684727 185.87090608477592 51.850664556026459 65.943900465965271 88.203498587012291 113.34531523287296 112.59592668712139 82.895678222179413 173.46987089514732 57.190110683441162 219.00609683990479 117.97997473180294 106.38846763968468
leaf_count=2790 276 854 3248 905 2549 485 1191 295 238 1311 456 773 205 275 1189 358 251 448 4390 748 209 265 355 457 453 335 699 231 879 476 426
internal_value=0.000653743 0.0141951 -0.00516674 0.0237729 -0.00181137 0.017399 0.0014873 0.0380659 0.0104685 0.0130569 0.00521441 -0.00617219 -0.0139824 0.0323641 0.00245205 0.00538296 0.0087175 0.0173351 -0.00301646 -0.00643519 -0.00227484 0.0016979 -0.0107004 -0.0148293 -0.00763738 -0.0163538 -0.014455 -0.0164862 0.0136794 -0.0245306 0.035628
internal_weight=6964.73 2093.71 4871.01 1193.88 3528.14 825.675 899.832 368.208 598.233 539.11 1351.2 2176.94 1342.87 294.475 1018.75 723.112 470.472 174.218 1282.89 429.36 303.665 251.815 894.047 1291.87 225.941 1065.93 865.05 125.695 332.449 200.876 227.442
internal_count=28020 8408 19612 4789 14197 3314 3619 1475 2403 2165 5431 8766 5415 1180 4096 2907 1890 699 5163 1729 1222 1013 3603 5210 910 4300 3489 507 1335 811 911
is_linear=0
shrinkage=0.05


Tree=3
num_leaves=32
num_cat=0
split_feature=3 1 1 3 1 3 3 1 3 1 3 1 4 3 3 3 3 4 3 3 3 3 3 3 3 4 4 1 4 4 1
split_gain=198.301 87.6633 53.1606 46.5421 33.6855 33.0786 25.2983 14.2204 12.3803 11.3939 10.6078 8.84058 8.751 8.63953 8.24626 7.85361 7.33797 7.30366 7.1911 7.01453 13.217 6.49176 6.02695 6.59662 4.91737 4.88359 4.87884 4.54298 4.48345 4.22094 4.44058
threshold=0.017552136961179906 1583.3333333333337 5583.3333333333348 0.043358156653060406 6750.0000000000009 0.0020155580655950873 0.051218051935596025 583.33333333333337 0.067635830357238386 14416.66666666667 0.02638743933882744 2583.3333333333335 2.1689075315742161 0.037388873613864962 0.074375793676680388 0.008508458052985687 -0.0077448653050572192 0.64791689569404787 0.023184845496632689 -0.0057326281116713866 -0.0091522213208698102 0.029238427465568092 0.047611026380430528 0.044065434733129204 0.02300488354960491 0.39580687231468925 1.2191801618407283 8750.0000000000018 1.4918598612899392 0.69823800051631135 21750.000000000004
decision_type=2 2 2 2 2 2 2 2 2 2 2 2 2 2 2 2 2 2 2 2 2 2 2 2 2 2 2 2 2 2 2
left_child=2 6 12 4 10 9 21 -8 11 19 -3 -5 -1 -12 17 29 28 -9 -6 20 -4 24 23 -23 -2 -18 -21 -17 -11 30 -7
right_child=1 3 5 8 18 15 7 14 -10 16 13 -13 -14 -15 -16 27 25 -19 -20 26 -22 22 -24 -25 -26 -27 -28 -29 -30 -31 -32
leaf_value=-0.015335246515567736 -0.00091691914290952664 0.0027349917550900751 -0.0097106821812906301 0.021917214499011638 0.021388372104217984 0.00072225721432762338 0.0034663671202409194 -0.0018174878315691736 0.060061717846386524 0.0008734604510507271 0.021442837092568303 0.044260009816243388 0.0023686873631685625 0.0016062232298418213 0.034938881937913745 0.0018886125394821163 0.0062404969367117306 0.020048088902088274 0.037416239128681257 -0.010684726227800262 -0.034701581472236571 -0.0013714759057489334 -0.013633326148014453 0.014439536880992868 -0.01622073905771924 -0.0058734841941089685 0.0017679867182363749 0.013351391210281406 0.017320440040075987 -0.00088412220869392216 0.013202335170245803
leaf_weight=1144.7953506559134 84.082514971494675 261.66650822758675 153.20290069282055 75.415293663740158 116.3122960627079 153.19900286197662 296.32953460514545 51.528170958161354 67.737426668405533 193.22206288576126 222.84285376966 107.21714714169502 74.332625105977058 72.829433351755142 64.674043446779251 123.1551997512579 89.438624307513237 147.54804810881615 175.68759731948376 308.70325729250908 80.8144890666008 245.91361032426357 66.222508370876312 90.154420599341393 139.69733133912086 1192.0714867711067 105.54845683276653 289.91907669603825 52.747926145792007 582.49505685269833 133.28958608210087
leaf_count=4625 339 1052 618 302 466 616 1191 207 271 777 893 429 299 293 259 495 360 591 703 1246 326 989 267 362 564 4802 425 1163 212 2343 535
internal_value=0.000620882 0.0126906 -0.00527821 0.0228598 0.017275 -0.00211295 0.00326251 0.0109828 0.0418052 -0.00586694 0.0100675 0.0350339 -0.0142558 0.0165567 0.0194276 0.00425784 -0.00350976 0.0143885 0.0310319 -0.011421 -0.0183409 -0.003644 0.000153348 0.00287002 -0.0104705 -0.00502803 -0.00751186 0.00993384 0.00440049 0.00155974 0.00652865
internal_weight=6962.79 2285.86 4676.94 1099.71 849.339 3457.81 1186.15 560.08 250.37 2175.75 557.339 182.632 1219.13 295.672 263.75 1282.06 1527.48 199.076 292 648.269 234.017 626.07 402.291 336.068 223.78 1281.51 414.252 413.074 245.97 868.984 286.489
internal_count=28020 9178 18842 4409 3407 13918 4769 2248 1002 8766 2238 731 4924 1186 1057 5152 6151 798 1169 2615 944 2521 1618 1351 903 5162 1671 1658 989 3494 1151
is_linear=0
shrinkage=0.05


Tree=4
num_leaves=32
num_cat=0
split_feature=3 1 1 3 3 1 3 1 3 3 3 1 4 4 4 3 1 3 3 3 3 4 3 3 3 1 3 1 1 1 4
split_gain=179.321 84.5209 47.3265 35.7925 35.2206 33.6778 16.9797 16.2394 12.7731 10.5357 10.4874 10.4332 8.29626 7.50727 8.94979 7.2886 6.75854 5.95591 5.84824 7.78662 6.34631 5.44043 5.01576 4.84464 4.78121 11.5811 4.75617 4.64387 4.4845 4.02828 3.9363
threshold=0.020181713655976031 1083.3333333333337 5583.3333333333348 0.043358156653060406 0.0020155580655950873 6916.666666666667 0.051218051935596025 3750.0000000000005 0.039608951256129628 0.02638743933882744 0.010876924234679107 19083.333333333339 1.916910140113022 1.1659290070376913 1.0288308885668018 0.070259516594200641 416.66666666666669 -0.0077448653050572192 0.029238427465568092 0.047611026380430528 0.045284923092398281 1.2191801618407283 0.024836579451171337 0.081554951354430874 0.014497664423413126 2250.0000000000005 0.011951803124730558 11916.66666666667 8750.0000000000018 24083.333333333339 0.77105839629671147
decision_type=2 2 2 2 2 2 2 2 2 2 2 2 2 2 2 2 2 2 2 2 2 2 2 2 2 2 2 2 2 2 2
left_child=2 6 12 5 11 8 18 15 9 -3 13 21 24 14 -6 -5 23 -13 22 20 -20 -4 -2 -8 26 -26 -1 -7 -12 -19 -18
right_child=1 3 4 7 10 27 16 -9 -10 -11 28 17 -14 -15 -16 -17 30 29 19 -21 -22 -23 -24 -25 25 -27 -28 -29 -30 -31 -32
leaf_value=-0.01419052814978012 -0.0059122880299473518 0.0032805486511878861 -0.012044433442329625 0.0249188781507763 0.0028416784637143276 0.025433783436489887 -0.0042499199764089177 0.055502592355325876 -0.01254041383317712 0.017580188880610064 0.0043377572776294102 0.0054207591752730468 0.00038353266182056175 -0.0045311419109899552 0.019761084319791004 0.043517227354569497 0.0057410560102680343 0.0031266568997484084 -0.0033038743776928892 -0.019878581562190384 0.014738664493365777 -0.0031479386313174487 -0.026003800849570574 0.011791105857196879 -0.018594341605792854 0.0046580024962921919 -0.025892735934460894 0.039744031786529271 0.016580106592067601 -0.0053951648206813823 0.018272021421914711
leaf_weight=917.65165348351002 68.392187252640724 212.44297660887241 660.05577112734318 226.09148553013802 634.37978614866734 121.23430974781513 139.84816083312035 73.634379222989082 59.063627332448959 327.20829232037067 113.510935947299 192.4795980900526 111.46046386659145 295.55071845650673 89.142643198370934 68.681251332163811 105.34183533489704 163.08051511645317 185.81711074709892 51.675518393516541 66.066262543201447 232.33144164085388 56.913515254855156 70.948799058794975 108.1054522395134 106.1117377281189 95.902786001563072 106.490383669734 219.36723996698856 926.5939923375845 154.70978865027428
leaf_count=3713 276 854 2667 905 2549 485 562 295 238 1311 456 773 449 1189 358 275 423 657 748 209 265 936 231 285 437 427 389 426 879 3733 620
internal_value=0.000589819 0.0128219 -0.00467575 0.0215376 -0.00163693 0.0157597 0.00124719 0.034499 0.00953481 0.0119509 0.00470031 -0.0055769 -0.0126776 0.00218343 0.00492626 0.0292522 0.00780263 -0.00268754 -0.00595 -0.00219866 0.00142849 -0.00972825 -0.0150378 0.00114907 -0.0138634 -0.00707637 -0.0152978 0.0321257 0.0124055 -0.00411979 0.013196
internal_weight=6960.28 2094.56 4865.72 1194.85 3526.49 826.44 899.713 368.407 598.715 539.651 1351.95 2174.54 1339.23 1019.07 723.522 294.773 470.849 1282.15 428.865 303.559 251.883 892.387 125.306 210.797 1227.77 214.217 1013.55 227.725 332.878 1089.67 260.052
internal_count=28020 8408 19612 4789 14197 3314 3619 1475 2403 2165 5431 8766 5415 4096 2907 1180 1890 5163 1729 1222 1013 3603 507 847 4966 864 4102 911 1335 4390 1043
is_linear=0
shrinkage=0.05


Tree=5
num_leaves=32
num_cat=0
split_feature=3 1 1 3 3 1 3 1 3 3 4 1 3 1 4 3 3 4 4 4 1 3 1 3 3 4 4 3 1 3 3
split_gain=165.373 87.9142 43.5469 43.2984 25.7997 21.4328 32.7115 12.8684 10.6301 8.45901 7.39787 6.67833 6.36863 10.1629 6.29965 5.67604 7.93522 6.22588 5.61308 7.03246 5.58207 5.186 4.3418 4.2283 6.449 3.49593 3.33086 3.10265 11.0792 3.36899 4.00847
threshold=0.020181713655976031 2583.3333333333335 5083.3333333333348 0.0032158318364567543 0.043358156653060406 916.66666666666686 0.054035228589563923 11916.66666666667 0.028027603812070496 0.014779042797567471 1.1947705808253419 22083.333333333339 0.051218051935596025 583.33333333333337 1.6411141498390009 0.0012553364405668008 -0.0091522213208698102 0.94626903376670668 1.6034524616683024 0.95610016124747943 23750.000000000004 0.039608951256129628 104083.33333333336 0.070259516594200641 0.063402702170335848 1.916910140113022 1.2603933905673856 0.014160661420332602 2416.6666666666674 -0.021178665331028527 -0.014168875305688684
decision_type=2 2 2 2 2 2 2 2 2 2 2 2 2 2 2 2 2 2 2 2 2 2 2 2 2 2 2 2 2 2 2
left_child=2 5 25 11 7 12 8 18 -7 14 -11 15 -2 26 -5 16 -4 -17 19 -3 -13 -10 -22 24 -8 27 -14 29 -29 -1 -31
right_child=1 4 3 9 -6 6 23 -9 21 10 -12 20 13 -15 -16 17 -18 -19 -20 -21 22 -23 -24 -25 -26 -27 -28 28 -30 30 -32
leaf_value=-0.0036434406170524278 -0.0056476919663711158 0.021327502973855467 -0.002227362505838089 0.0054212867675819208 0.046573612398905104 -0.0081043903651354891 0.033290405793743615 0.037162183787891913 0.015491813136657762 0.0089521258117179463 0.030945924498794547 0.0092431703447183253 0.00099842810420415398 0.015240761272641686 -0.0067177300858644977 0.0066094889144096619 -0.012807432488068 -0.01123451149181497 0.032552126799438662 0.0074057787840548801 -0.0034028276606507149 0.0020670336755136769 -0.013672117167251641 0.038403014092021348 0.01073821255936846 -0.0040300751015919503 -0.012108391835016523 -0.018352453495259016 0.0041244662461307991 -0.028438921143077042 -0.015081356697949876
leaf_weight=58.708855599164963 361.84760849177837 227.30662836134434 232.23136287927628 845.55797334015369 130.62386013567448 130.03633618354797 69.959020048379898 109.4207883477211 151.43631282448769 124.70521382987499 55.138896524906158 80.268847867846489 243.95250225067139 126.81061874330044 122.34223997592926 113.88330978155136 748.20298102498055 85.644670933485031 57.397512301802635 150.95144908130169 1085.8164516538382 137.03466926515102 113.70529426634312 69.353400275111198 57.964423477649689 96.580285355448723 60.493246495723724 127.11325956881046 96.404446870088577 60.435586646199226 794.79200997948647
leaf_count=238 1460 911 938 3397 524 523 280 438 607 500 221 323 980 508 492 459 3023 345 230 605 4373 550 458 278 232 389 243 515 388 245 3222
internal_value=1.42887e-05 0.0117887 -0.00505533 -0.0022819 0.0266156 0.00467771 0.0116765 0.0218328 0.00376436 0.00573721 0.0156953 -0.00602369 -0.000756295 0.00334785 0.00388692 -0.00873696 -0.0103014 -0.00104981 0.0179826 0.0157718 -0.00352206 0.00911453 -0.00437628 0.0284614 0.0230716 -0.013163 -0.00160589 -0.0139385 -0.00865803 -0.0152299 -0.0160253
internal_weight=6926.12 2084.59 4841.53 3607.5 675.7 1408.89 615.784 545.076 418.507 1147.74 179.844 2459.75 793.104 431.256 967.9 1179.96 980.434 199.528 435.656 378.258 1279.79 288.471 1199.52 197.277 127.923 1234.03 304.446 1137.45 223.518 913.936 855.228
internal_count=27895 8369 19526 14529 2708 5661 2470 2184 1680 4610 721 9919 3191 1731 3889 4765 3961 804 1746 1516 5154 1157 4831 790 512 4997 1223 4608 903 3705 3467
is_linear=0
shrinkage=0.05


Tree=6
num_leaves=32
num_cat=0
split_feature=3 1 1 3 3 1 3 1 3 3 4 1 3 3 1 4 3 4 4 3 3 3 3 3 1 3 1 4 1 1 4
split_gain=149.312 79.3986 39.3999 39.0901 23.4834 19.3448 29.5455 11.8119 9.59256 7.62714 6.66402 6.10637 6.76046 5.7497 9.16772 5.68464 5.34397 5.58698 5.26984 5.01521 8.42986 4.67565 3.84783 5.81608 3.43532 3.3417 3.23083 3.16816 3.0415 3.51077 3.00881
threshold=0.020181713655976031 2583.3333333333335 5083.3333333333348 0.0032158318364567543 0.043358156653060406 916.66666666666686 0.054035228589563923 6916.666666666667 0.028027603812070496 0.014779042797567471 1.1947705808253419 18416.666666666668 0.0012553364405668008 0.051218051935596025 583.33333333333337 1.6411141498390009 -0.010330350994361021 0.39580687231468925 0.96596910121200152 0.02638743933882744 0.029613915315875771 0.039608951256129628 0.070259516594200641 0.063402702170335848 4250.0000000000009 0.0017833500284977495 30416.666666666668 1.916910140113022 11916.66666666667 8583.3333333333339 1.2603933905673856
decision_type=2 2 2 2 2 2 2 2 2 2 2 2 2 2 2 2 2 2 2 2 2 2 2 2 2 2 2 2 2 2 2
left_child=2 5 27 11 7 13 8 19 -7 15 -11 12 18 -2 30 -5 26 -18 -4 24 -21 -10 23 -8 -3 -14 -13 -1 29 -9 -15
right_child=1 4 3 9 -6 6 22 28 21 10 -12 16 25 14 -16 -17 17 -19 -20 20 -22 -23 -24 -25 -26 -27 -28 -29 -30 -31 -32
leaf_value=-0.01326439994714157 -0.0053681237222346174 0.013961244861233206 -0.013915094127330233 0.0051484371499023532 0.044368787961773196 -0.0077038047794989878 0.031614907937124175 0.033166637727156896 0.014708554020852849 0.0085011557556973986 0.029366722356852795 0.015340559001596777 0.011238457005993081 0.00094844227095662158 0.014472761383415826 -0.0063850555080560206 0.0071682361752125369 -0.0054290073337770924 -0.005861934864505973 0.036316814960112666 0.012975790762795529 0.0019634954874435131 0.036545453521915704 0.01020019939090545 -0.0032859964525407785 -0.0041543841401384439 -0.0014950116334831558 -0.0038298667995538848 0.035351378208415878 0.016195651743518686 -0.011512638429210045
leaf_weight=1135.5566387325525 361.66272492706776 64.036970913410187 488.5605890750885 845.84363313019276 130.26795698702335 129.96006886661053 69.982524797320366 55.736212864518166 151.52318342030048 124.75327964127064 55.197152227163315 55.768725588917732 49.9778902977705 243.96828627586365 126.86143228411674 122.28223265707493 94.721107125282288 1243.5640005916357 347.73248310387135 52.988372385501862 143.28582188487053 137.04753148555756 69.237443909049034 57.970522522926331 52.575152203440666 119.72136138379574 58.274108678102493 96.548478379845619 109.27780868113041 67.234634071588516 60.44373707473278
leaf_count=4608 1460 257 1979 3397 524 523 280 223 607 500 221 224 202 980 508 492 381 5012 1405 212 574 550 278 232 211 482 234 389 438 269 243
internal_value=1.34382e-05 0.0112022 -0.00480585 -0.00216861 0.0252965 0.00444453 0.0110938 0.0207389 0.00357582 0.00544868 0.0149014 -0.00572601 -0.00872019 -0.000718711 0.00318025 0.00369166 -0.00365202 -0.0045374 -0.0105666 0.0143978 0.0192772 0.00865569 0.0270506 0.0219127 0.00618524 0.00037894 0.00673785 -0.0125251 0.0292816 0.0238877 -0.00152582
internal_weight=6922.56 2084.06 4838.5 3606.4 675.403 1408.66 615.721 545.135 418.531 1148.08 179.95 2458.32 1005.99 792.936 431.273 968.126 1452.33 1338.29 836.293 312.886 196.274 288.571 197.19 127.953 116.612 169.699 114.043 1232.11 232.249 122.971 304.412
internal_count=27895 8369 19526 14529 2708 5661 2470 2184 1680 4610 721 9919 4068 3191 1731 3889 5851 5393 3384 1254 786 1157 790 512 468 684 458 4997 930 492 1223
is_linear=0
shrinkage=0.05


Tree=7
num_leaves=32
num_cat=0
split_feature=3 1 1 3 3 1 3 1 3 3 4 1 3 1 4 1 3 4 4 3 3 3 1 3 3 1 4 3 1 3 3
split_gain=134.834 71.7693 35.6431 35.292 21.4133 17.4643 26.7038 10.7104 8.65686 6.87947 6.00911 5.58824 5.19096 8.27121 5.1298 4.95837 4.64189 7.16154 5.59944 4.52522 7.60803 4.21661 3.9107 3.50706 5.25197 3.09745 2.87062 2.81983 10.0438 3.19849 3.05908
threshold=0.020181713655976031 2583.3333333333335 5083.3333333333348 0.0032158318364567543 0.043358156653060406 916.66666666666686 0.054035228589563923 6916.666666666667 0.028027603812070496 0.014779042797567471 1.1947705808253419 22083.333333333339 0.051218051935596025 583.33333333333337 1.6411141498390009 23750.000000000004 0.0012553364405668008 0.95096331124161038 0.94626903376670668 0.02638743933882744 0.029613915315875771 0.039608951256129628 104083.33333333336 0.070259516594200641 0.063402702170335848 4250.0000000000009 1.916910140113022 0.014160661420332602 2416.6666666666674 0.016873170914090768 -0.021178665331028527
decision_type=2 2 2 2 2 2 2 2 2 2 2 2 2 2 2 2 2 2 2 2 2 2 2 2 2 2 2 2 2 2 2
left_child=2 5 26 11 7 12 8 19 -7 14 -11 16 -2 -14 -5 -13 17 -4 -18 25 -21 -10 -17 24 -8 -3 27 30 29 -29 -1
right_child=1 4 3 9 -6 6 23 -9 21 10 -12 15 13 -15 -16 22 18 -19 -20 20 -22 -23 -24 -25 -26 -27 -28 28 -30 -31 -32
leaf_value=-0.0028045535935201189 -0.0051023348246478639 0.013252928350438641 -0.013025721011266773 0.0048894732139448237 0.04230622676320081 -0.0073230302866155866 0.030040063933239099 0.027850144162632325 0.013966902714701343 0.0080733694265574564 0.027882304261143333 0.0088729379440016538 -0.0014497464188362678 0.013745263142217721 -0.0060688367398079529 -0.0030367452700451156 0.0062809991745277002 -0.0043732045099196286 -0.010644084369464676 0.034494506611877231 0.01232285853487612 0.0018651535663405366 -0.012790192222150748 0.034799173765849518 0.0096897224208339905 -0.0031223098495767373 -0.0036395710125285913 -0.007123274264115788 0.0045846206752684021 -0.023337986414410539 -0.01461568055845397
leaf_weight=58.59037846326828 361.48179204761982 64.085228130221367 562.22617761790752 846.1035335958004 129.79970966279507 129.88368827104568 69.968979433178902 231.98406724631786 151.5889053195715 124.79432731866837 55.228070810437202 80.307527050375938 304.37578135728836 126.89609178900719 122.22268073260784 1085.1203170567751 113.9534637928009 416.16127336025238 85.558893859386444 52.997904732823372 143.33271935582161 137.059480920434 113.52484729886055 69.080226480960846 57.973224475979805 52.565113231539726 96.517536953091621 50.761899709701538 96.334591746330261 75.870930776000023 852.16880993545055
leaf_count=238 1460 257 2279 3397 524 523 280 930 607 500 221 323 1223 508 492 4373 459 1682 345 212 574 550 458 278 232 211 389 207 388 308 3467
internal_value=1.27151e-05 0.0106475 -0.00456868 -0.00206101 0.0240554 0.00422338 0.0105422 0.0197084 0.00339693 0.00517495 0.0141504 -0.00544314 -0.000682997 0.00302119 0.00350631 -0.00315467 -0.00792794 -0.00934534 -0.000977155 0.0136737 0.0183079 0.00822061 -0.0039605 0.0257207 0.0208189 0.0058739 -0.0119173 -0.0126221 -0.00758231 -0.0168382 -0.0138559
internal_weight=6918.52 2083.07 4835.45 3605.2 674.765 1408.31 615.555 544.965 418.532 1148.35 180.022 2456.85 792.754 431.272 968.326 1278.95 1177.9 978.387 199.512 312.981 196.331 288.648 1198.65 197.022 127.942 116.65 1230.24 1133.73 222.967 126.633 910.759
internal_count=27895 8369 19526 14529 2708 5661 2470 2184 1680 4610 721 9919 3191 1731 3889 5154 4765 3961 804 1254 786 1157 4831 790 512 468 4997 4608 903 515 3705
is_linear=0
shrinkage=0.05


Tree=8
num_leaves=32
num_cat=0
split_feature=3 1 1 3 3 1 3 4 1 3 3 3 4 1 3 3 4 3 1 4 4 4 1 3 1 3 4 4 3 1 3
split_gain=121.776 64.9054 32.249 31.8632 19.5609 15.7699 24.3728 10.1603 9.34945 8.43104 6.20696 6.19524 5.42335 5.06646 5.63943 4.82025 5.06349 4.68656 7.4633 4.62921 4.27691 3.77865 3.26303 3.02484 2.89616 2.76537 2.71828 2.6017 2.55595 9.08837 2.90411
threshold=0.020181713655976031 2583.3333333333335 5083.3333333333348 0.0032158318364567543 0.043358156653060406 916.66666666666686 0.056404018168972163 1.7110820398162241 6416.666666666667 0.028027603812070496 0.014779042797567471 0.02638743933882744 1.1947705808253419 18416.666666666668 0.0012553364405668008 -0.010330350994361021 0.39580687231468925 0.051218051935596025 583.33333333333337 1.6411141498390009 0.96596910121200152 0.95096331124161038 8416.6666666666697 0.039608951256129628 30416.666666666668 0.056404018168972163 1.2603933905673856 1.916910140113022 0.014160661420332602 2416.6666666666674 0.016873170914090768
decision_type=2 2 2 2 2 2 2 2 2 2 2 2 2 2 2 2 2 2 2 2 2 2 2 2 2 2 2 2 2 2 2
left_child=2 5 27 13 7 17 9 8 11 -7 19 -3 -12 14 20 24 -17 -2 26 -5 -4 -10 -16 -11 -15 -6 -19 28 -1 30 -30
right_child=1 4 3 10 25 6 -8 -9 21 23 12 -13 -14 15 22 16 -18 18 -20 -21 -22 -23 -24 -25 -26 -27 -28 -29 29 -31 -32
leaf_value=-0.013187984012274098 -0.00484965143012717 0.00019557738268931161 -0.01261793036562376 0.0046436657278185675 0.033933477198559381 -0.0069610668647673464 0.025784732956336261 0.038126098063409206 0.029877362050413428 0.01326430496104916 0.0076675047387169855 0.015938960964053811 0.026484530319780566 0.014721486786311997 -0.010123826018295878 0.0070156690597197799 -0.0049761660355838837 0.00097354049531935243 0.013055816807898874 -0.0057682460702721738 -0.005356016886496783 0.016604231128317954 0.0049703417689993187 0.0033867665535519463 -0.0012168357050032787 0.048680932966653531 -0.010875231348185289 -0.0034586954638268887 -0.0067740190934709333 0.004353740163064169 -0.022238291873673367
leaf_weight=909.08360943198204 361.30513142049313 99.721546337008476 487.0148026496172 846.34011270105839 72.830106288194656 129.80757920444012 175.30734480917454 60.08759993314743 121.59285947680473 151.63619014620781 124.82915090024471 167.36528331041336 55.235415637493134 55.80753929913044 51.333536028862 94.739359736442566 1242.5326991677284 243.96037857234478 126.91673335433006 122.1638148277998 347.3704931139946 95.918855667114258 118.36141616106033 158.54842580854893 58.253263488411903 56.40740293264389 60.385899677872658 96.487493306398392 50.711455181241035 96.370126262307167 75.647427275776863
leaf_count=3705 1460 400 1979 3397 295 523 704 241 488 607 500 670 221 224 207 381 5012 980 508 492 1405 385 477 636 234 229 243 389 207 388 308
internal_value=1.20446e-05 0.0101218 -0.00434333 -0.00195874 0.0228823 0.00401356 0.0100195 0.0187329 0.0163283 0.00373806 0.00491522 0.0100609 0.0134397 -0.00517418 -0.00790478 -0.00328505 -0.0041266 -0.000649039 0.00287017 0.00333034 -0.00959466 0.0240241 0.000404284 0.00821548 0.00658145 0.0403702 -0.0013774 -0.01134 -0.0120119 -0.00721154 -0.016032
internal_weight=6914.07 2081.79 4832.28 3603.98 673.924 1407.87 615.3 544.686 484.599 439.992 1148.57 267.087 180.065 2455.41 1004.08 1451.33 1337.27 792.568 431.263 968.504 834.385 217.512 169.695 310.185 114.061 129.238 304.346 1228.3 1131.81 222.729 126.359
internal_count=27895 8369 19526 14529 2708 5661 2470 2184 1943 1766 4610 1070 721 9919 4068 5851 5393 3191 1731 3889 3384 873 684 1243 458 524 1223 4997 4608 903 515
is_linear=0
shrinkage=0.05


Tree=9
num_leaves=32
num_cat=0
split_feature=3 1 1 3 3 1 3 1 3 3 4 1 1 4 4 4 1 3 4 4 4 3 1 3 3 3 3 3 4 3 1
split_gain=109.99 58.7245 29.1777 28.8759 17.899 14.2396 22.044 9.60095 7.60907 6.67197 6.16694 6.94263 5.57409 4.93623 4.50883 6.06534 4.48987 4.36252 3.96855 4.44165 3.49862 2.97709 5.82783 4.80807 2.72901 2.54324 2.48836 4.2558 2.35801 2.31633 8.22431
threshold=0.020181713655976031 2583.3333333333335 5083.3333333333348 0.0020155580655950873 0.043358156653060406 916.66666666666686 0.056404018168972163 11916.66666666667 0.028027603812070496 0.014779042797567471 1.6411141498390009 5916.666666666667 19083.333333333339 1.1389797279558789 1.6034524616683024 0.95610016124747943 104083.33333333336 0.093488350843671825 0.37307239026539735 0.96596910121200152 0.403255697343813 0.04038110521875133 416.66666666666669 0.033309695142484746 0.039608951256129628 0.056404018168972163 0.070259516594200641 0.063918337567908087 1.916910140113022 0.014160661420332602 2416.6666666666674
decision_type=2 2 2 2 2 2 2 2 2 2 2 2 2 2 2 2 2 2 2 2 2 2 2 2 2 2 2 2 2 2 2
left_child=2 5 28 12 7 17 8 14 -7 10 11 -5 18 -11 15 -3 20 21 -4 -20 -14 23 -23 -2 -10 -6 27 -8 29 -1 -31
right_child=1 4 3 9 25 6 26 -9 24 13 -12 -13 16 -15 -16 -17 -18 -19 19 -21 -22 22 -24 -25 -26 -27 -28 -29 -30 30 -32
leaf_value=-0.012552188725996415 -0.0020035520897256072 0.017671529142035361 0.0036228938797635748 -0.013842582266241736 0.032368563697574425 -0.0066169621102478808 0.029466067254287284 0.031107260713863868 0.012598420769382846 0.0067153224967644656 -0.0071059777449475354 0.0047123202715168185 0.0073832969892218729 0.024091187837491396 0.027552161519127705 0.0047435995360224142 -0.01336255597947225 0.012544253800102937 -0.012447106354192449 -0.0052511026565594384 -0.0031575879805156985 -0.0052977862875961861 0.005360037025534321 -0.018647399756441845 0.003217061164694732 0.046548950008681228 0.031943961428520316 0.0094550667763689134 -0.0032867797952550919 -0.015265355672126764 0.0041346055170447113
leaf_weight=907.41752636432648 158.64842914044857 227.31558956205845 64.431844308972359 53.06676784157753 72.541046127676964 129.73207314312458 54.647785365581512 108.63140726089478 151.66743415594101 117.36698941886425 148.1323359310627 1008.2812466025352 84.81984256207943 62.714015826582909 57.387596964836121 150.99143394827843 101.42364156246185 58.329568326473236 480.91467446088791 386.9991552978754 1094.5430302172899 239.52161721885204 276.14068785309792 59.727188855409622 158.56604072451591 56.050425544381142 68.720084980130196 51.711358428001404 96.458365425467491 126.07865512371063 96.40294848382473
leaf_count=3705 643 911 262 214 295 523 219 438 607 470 597 4047 341 251 230 605 410 234 1956 1566 4415 964 1109 241 636 229 278 207 389 515 388
internal_value=1.1432e-05 0.00962294 -0.00412915 -0.00186159 0.021772 0.00381417 0.00952262 0.0178085 0.00355131 0.00378763 0.00245075 0.00378459 -0.00540857 0.0127665 0.0144927 0.0125117 -0.00326764 -0.000616792 -0.00834963 -0.00923844 -0.00239949 -0.00166262 0.000409551 -0.00655576 0.00780344 0.0385495 0.0245282 0.0197368 -0.0107906 -0.0114312 -0.00685921
internal_weight=6909.38 2080.33 4829.05 3602.69 672.917 1407.41 615.045 544.326 439.966 1389.56 1209.48 1061.35 2213.13 180.081 435.695 378.307 1280.79 792.367 932.346 867.914 1179.36 734.038 515.662 218.376 310.233 128.591 175.079 106.359 1226.36 1129.9 222.482
internal_count=27895 8369 19526 14529 2708 5661 2470 2184 1766 5579 4858 4261 8950 721 1746 1516 5166 3191 3784 3522 4756 2957 2073 884 1243 524 704 426 4997 4608 903
is_linear=0
shrinkage=0.05


Tree=10
num_leaves=32
num_cat=0
split_feature=3 1 3 1 3 1 3 3 4 1 3 3 3 4 1 3 4 1 3 3 3 3 3 4 1 3 3 3 4 1 1
split_gain=105.079 58.2541 30.3345 22.2091 16.1213 15.2047 11.5197 12.2133 11.4417 11.4817 9.73747 8.1889 8.66576 7.54305 7.07912 6.81585 7.76906 8.7684 8.48208 7.62294 6.37171 6.26213 5.64941 5.63872 5.26314 5.01659 4.98733 5.34144 4.31429 3.8085 3.54507
threshold=0.014779042797567471 1416.6666666666667 0.043358156653060406 9583.3333333333339 0.044065434733129204 5250.0000000000009 -0.00018429923375198965 -0.0091522213208698102 0.95096331124161038 46416.666666666679 0.071093693786986101 0.037388873613864962 0.028027603812070496 1.7110820398162241 583.33333333333337 -0.0071538852044416507 1.302834515416565 3916.6666666666674 0.0076592522099223799 0.0057267143615375897 -0.015835535053945603 0.051218051935596025 -0.0017868923771473001 0.33450334251730041 11250.000000000002 0.074375793676680388 0.010876924234679107 0.00032647324253360591 1.0880059073419517 1083.3333333333337 1583.3333333333337
decision_type=2 2 2 2 2 2 2 2 2 2 2 2 2 2 2 2 2 2 2 2 2 2 2 2 2 2 2 2 2 2 2
left_child=3 4 5 15 -2 11 7 20 9 -9 21 12 -3 24 -6 30 17 22 -18 -19 -5 -4 -17 -8 -7 29 27 -25 -22 -16 -1
right_child=1 2 10 6 14 13 23 8 -10 -11 -12 -13 -14 -15 25 16 18 19 -20 -21 28 -23 -24 26 -26 -27 -28 -29 -30 -31 -32
leaf_value=-0.0054362978328282435 -0.0070643495358865653 0.0037734937101873349 0.035347156782944492 -0.0045299500222851256 0.00063693999029998979 0.011308305026132497 0.017081583874316245 -0.015391295348673796 -0.001378955677314975 0.00015471253062870424 0.047904183530242159 -0.0097277836171573082 0.017662140047125876 0.035827999540874449 0.0035754534484671481 -0.0016880337350509104 0.0058625873155846789 -0.0092759931090540208 -0.011819767497573661 0.0029561725895585859 0.017904065041874025 0.018371201273178699 -0.01679417277006023 0.010629813860756456 0.022754169034131435 0.024068105528246005 0.011930881523082547 -0.00089601692041470335 0.00081096364402847242 0.017322518527615332 -0.017185291199791907
leaf_weight=81.543077751994133 454.04307137429714 332.15491113066673 91.84250320494175 104.98833750188351 389.84834517538548 241.46430349349976 57.27505561709404 471.78467845916748 505.22410434484482 158.72964662313461 60.496229395270348 70.507929593324661 169.68964824080467 54.691584900021553 168.52921617031097 73.822528332471848 201.28542207181454 366.46977043151855 102.28399084508419 195.21313498914242 96.888836279511452 132.98252837359905 382.97856965661049 110.73851349949837 171.9621429592371 58.000273779034615 97.418280988931656 1089.3716760873795 59.638015389442444 71.866353109478951 301.94582466781139
leaf_count=333 1838 1337 372 424 1568 968 230 1911 2042 641 248 283 679 220 676 302 816 1489 415 787 391 538 1567 448 692 233 390 4384 240 288 1231
internal_value=0.000247606 0.0085245 0.0156547 -0.00433514 0.000248819 0.0116942 -0.00155678 -0.00474218 -0.00698532 -0.0114776 0.0300975 0.00622795 0.00846969 0.0183776 0.0050734 -0.00881828 -0.00711592 -0.0092085 -9.52653e-05 -0.0050247 0.00499962 0.025306 -0.0143529 0.00172842 0.0160691 0.0108696 0.00105071 0.000167513 0.0113915 0.00768514 -0.014687
internal_weight=6925.68 2468.08 1325.79 4457.6 1142.29 1040.47 2752.06 1397.25 1135.74 630.514 285.321 572.352 501.845 468.118 688.244 1705.54 1322.05 1018.48 303.569 561.683 261.515 224.825 456.801 1354.8 413.426 298.396 1297.53 1200.11 156.527 240.396 383.489
internal_count=27981 9940 5337 18041 4603 4179 11101 5649 4594 2552 1158 2299 2016 1880 2765 6940 5376 4145 1231 2276 1055 910 1869 5452 1660 1197 5222 4832 631 964 1564
is_linear=0
shrinkage=0.05


Tree=11
num_leaves=32
num_cat=0
split_feature=3 1 3 1 3 1 3 3 4 3 1 3 4 1 3 3 3 3 3 3 1 1 1 4 4 4 1 3 1 3 4
split_gain=94.9124 52.6579 27.605 20.0882 14.5567 14.1214 10.5438 13.4988 12.1264 8.98693 6.46521 6.17786 7.02887 7.9508 7.66075 6.88939 5.79861 5.74451 5.69243 5.12509 4.9202 4.61397 3.97712 5.24432 3.88355 3.27358 3.21663 3.20996 5.22309 3.0244 3.76238
threshold=0.014779042797567471 1416.6666666666667 0.043358156653060406 9583.3333333333339 0.044065434733129204 3250.0000000000005 -0.0013454362731337144 -0.0091522213208698102 0.98115182304550563 0.071093693786986101 250.00000000000003 -0.0071538852044416507 1.302834515416565 3916.6666666666674 0.0076592522099223799 0.0057267143615375897 0.022203946264665621 -0.015835535053945603 0.051218051935596025 -0.0017868923771473001 10583.333333333334 38250.000000000007 1083.3333333333337 0.87513100825535395 1.0880059073419517 0.54208352391741665 1583.3333333333337 0.008508458052985687 21250.000000000004 0.020181713655976031 0.70232166881251767
decision_type=2 2 2 2 2 2 2 2 2 2 2 2 2 2 2 2 2 2 2 2 2 2 2 2 2 2 2 2 2 2 2
left_child=3 4 5 11 25 -3 7 17 21 18 -6 26 13 19 -14 -15 20 -5 -4 -13 -7 -9 23 -12 -19 -2 -1 -8 -29 -27 -31
right_child=1 2 9 6 10 16 27 8 -10 -11 22 12 14 15 -16 -17 -18 24 -20 -21 -22 -23 -24 -25 -26 29 -28 28 -30 30 -32
leaf_value=-0.0051686082833906875 0.0021385939159838819 0.0028921202394068149 0.033688049466324956 -0.0043053109853214543 -0.0051401704001177682 0.0053858557528944882 0.00024385808432986309 -0.01665380730874744 -0.0013855696675124038 0.045879343395825459 0.00033050826259593586 -0.001604046752092981 0.0055657681230091181 -0.0088224563589390879 -0.011244443585256204 0.0028077009163743152 0.019329013778695558 0.016982827245429936 0.017482207948954286 -0.015996640847390144 0.018578472889983214 -0.0062508932506104304 0.017126144031410797 0.010888593648712835 0.00077036632100809356 -0.019410020168535949 -0.016366417915952197 0.0131194775674739 -0.0031915590444197201 -0.017067866408690322 -0.0038894244438473866
leaf_weight=81.479625537991524 84.857322320342064 347.65201604366302 91.554699495434761 104.94419239461422 131.72890754044056 196.98693536221981 1418.6854841262102 336.50081798434258 370.61381028592587 60.020016923546791 245.81809878349304 73.803902208805084 201.41542617976665 366.05431504547596 102.14511188864708 195.25806595385075 385.18813107907772 97.033479332923889 132.76328694820404 381.99440276622772 110.21746763586998 156.00030840933323 85.107122138142586 225.51277478039265 59.641617208719254 56.397460609674454 301.219521895051 128.61751918494701 79.365553542971611 69.713261112570763 242.74641589820385
leaf_count=333 344 1398 372 424 530 790 5719 1366 1498 248 987 302 816 1489 415 787 1549 391 538 1567 442 630 342 906 240 231 1231 515 318 282 981
internal_value=0.000235359 0.00810471 0.0148887 -0.00412129 0.00023646 0.0111143 -0.00147946 -0.0052018 -0.00821753 0.0286946 0.00482036 -0.00838857 -0.00676763 -0.00876039 -9.07015e-05 -0.00477679 0.0152427 0.00474748 0.0240966 -0.0136662 0.010119 -0.0133587 0.00717837 0.00538213 0.0108112 -0.00671612 -0.0139823 0.00109429 0.00689525 -0.00875319 -0.00682968
internal_weight=6921.04 2466.26 1324.38 4454.77 1141.88 1040.04 2751.4 1124.73 863.115 284.338 688.167 1703.37 1320.67 1017.11 303.561 561.312 692.393 261.619 224.318 455.798 307.204 492.501 556.438 471.331 156.675 453.714 382.699 1626.67 207.983 368.857 312.46
internal_count=27981 9940 5337 18041 4603 4179 11101 4549 3494 1158 2765 6940 5376 4145 1231 2276 2781 1055 910 1869 1232 1996 2235 1893 631 1838 1564 6552 833 1494 1263
is_linear=0
shrinkage=0.05


Tree=12
num_leaves=32
num_cat=0
split_feature=3 1 3 1 3 1 3 3 4 3 3 3 4 1 3 1 4 3 3 3 1 1 1 4 4 3 3 1 3 3 4
split_gain=85.7294 47.6018 25.1431 18.17 13.1444 12.7813 9.52351 12.1952 10.9754 8.30908 7.48436 7.66427 6.84803 5.94286 5.66243 7.20664 7.69563 5.2056 5.17984 4.59148 4.55548 4.18444 4.16745 3.61159 3.49718 3.33037 4.61412 3.25597 3.24532 5.17338 2.97147
threshold=0.014779042797567471 1416.6666666666667 0.043358156653060406 9583.3333333333339 0.044065434733129204 5250.0000000000009 -0.0013454362731337144 -0.0091522213208698102 0.98115182304550563 0.071093693786986101 0.037388873613864962 0.028027603812070496 1.7110820398162241 583.33333333333337 -0.0059659855067510665 3916.6666666666674 1.8362404016839737 0.047611026380430528 -0.015835535053945603 0.074375793676680388 11250.000000000002 38250.000000000007 3416.6666666666674 0.62752103675410587 1.0880059073419517 0.093488350843671825 0.07585462638244074 2583.3333333333335 0.012225740541394083 0.0057267143615375897 0.46465708786298671
decision_type=2 2 2 2 2 2 2 2 2 2 2 2 2 2 2 2 2 2 2 2 2 2 2 2 2 2 2 2 2 2 2
left_child=3 4 5 14 30 10 7 18 21 17 11 -3 20 25 -1 16 22 -4 -5 23 -7 -9 -16 -15 -20 26 -6 -19 29 -17 -2
right_child=1 2 9 6 13 12 -8 8 -10 -11 -12 -13 -14 19 15 28 -18 27 24 -21 -22 -23 -24 -25 -26 -27 -28 -29 -30 -31 -32
leaf_value=-0.012888286947783654 0.0041087144287042729 0.0032826068085848809 0.037220879262909901 -0.0040917635861908814 0.0013296158180239395 0.010071808529767697 0.0010395300641467674 -0.015854248101055353 -0.0013164809755009288 0.043971952806233019 -0.0097015427118616552 0.016345480959824063 0.033361149503973189 -0.0039429007926710591 -0.010752652592322821 -0.0048791771921959867 0.0070919941213432218 0.012720768913362336 0.016112687982632178 0.022534436633460556 0.020730540814920841 -0.0059420940250724183 -0.024710459002145062 0.010329390419653122 0.00073180595184363893 0.012479732895246802 -0.014352390500975476 0.026474034767699446 -0.014404327545202779 0.0048315002458267199 -0.007947184885569036
leaf_weight=436.72583648562431 58.715192466974258 332.32376748323441 49.70654384791851 104.90126633644104 283.07206949591637 241.31598229706287 1626.7298857569695 335.8154224306345 370.56173475086689 59.505530148744583 70.498378664255142 169.59053945541382 54.47281339764595 58.625977903604507 448.79690527915955 444.14171913266182 56.123974606394768 96.176163256168365 97.156625315546989 57.883801817893982 171.47906489670277 155.90444462001324 60.712603256106377 181.71189068257809 59.64502078294754 50.617568343877792 56.221799552440643 77.881560519337654 56.255519866943359 198.43522214889526 394.63402812182903
leaf_count=1788 238 1337 203 424 1139 968 6552 1366 1498 248 283 679 220 235 1844 1805 227 386 391 233 692 630 249 729 240 203 226 321 227 800 1600
internal_value=0.000223711 0.0077056 0.0141604 -0.00391802 0.000224588 0.0105625 -0.00140597 -0.00494532 -0.00781454 0.027366 0.00555366 0.00769639 0.0166984 0.00457956 -0.00797984 -0.00628454 -0.0104802 0.02295 0.00450844 0.00989263 0.0144995 -0.0127115 -0.0124158 0.00684793 0.010262 0.000515896 -0.00126893 0.0188746 -0.00288857 -0.00188041 -0.00638577
internal_weight=6916.34 2464.43 1322.95 4451.91 1141.48 1039.68 2750.71 1123.98 862.282 283.27 572.413 501.914 467.268 688.133 1701.19 1264.47 565.633 223.764 261.703 298.222 412.795 491.72 509.51 240.338 156.802 389.911 339.294 174.058 698.832 642.577 453.349
internal_count=27981 9940 5337 18041 4603 4179 11101 4549 3494 1158 2299 2016 1880 2765 6940 5152 2320 910 1055 1197 1660 1996 2093 964 631 1568 1365 707 2832 2605 1838
is_linear=0
shrinkage=0.05


Tree=13
num_leaves=32
num_cat=0
split_feature=3 1 3 1 1 3 3 3 4 1 3 1 3 4 4 3 1 1 1 3 3 3 3 1 3 1 4 1 4 4 4
split_gain=77.4448 43.0501 22.9241 16.4339 12.004 11.8688 8.7557 9.09152 8.67593 9.40872 7.6868 5.63931 5.2822 5.2266 5.09783 4.97732 10.0392 5.65428 5.16966 4.86423 4.68712 4.23884 4.84147 4.00482 3.60964 3.45346 4.62411 3.42738 3.09739 2.8218 2.7292
threshold=0.014779042797567471 1416.6666666666667 0.043358156653060406 9583.3333333333339 3250.0000000000005 0.044065434733129204 -0.00018429923375198965 -0.0091522213208698102 0.95096331124161038 46416.666666666679 0.071093693786986101 250.00000000000003 0.022203946264665621 1.8362404016839737 0.33450334251730041 -0.0032567145476723835 3916.6666666666674 3083.3333333333335 7916.666666666667 0.051218051935596025 -0.017194525220870536 0.010876924234679107 0.00032647324253360591 10583.333333333334 0.009373117496700686 1083.3333333333337 0.87513100825535395 50083.333333333336 0.96083255312699356 1.2023367516145065 0.54208352391741665
decision_type=2 2 2 2 2 2 2 2 2 2 2 2 2 2 2 2 2 2 2 2 2 2 2 2 2 2 2 2 2 2 2
left_child=3 5 4 13 -3 30 7 20 9 -9 19 -7 23 15 -8 17 24 -1 -18 -4 -5 22 -16 -6 -17 26 -13 -10 -14 -22 -2
right_child=1 2 10 6 12 11 14 8 27 -11 -12 25 28 -15 21 16 18 -19 -20 -21 29 -23 -24 -25 -26 -27 -28 -29 -30 -31 -32
leaf_value=-0.0057108491983745967 0.0020113880159017858 0.0024617107570266998 0.030775376124645332 -0.0051774910406144001 0.0046942518939302284 -0.0049529592609533334 0.016117325537152633 -0.013535411234105269 0.0012712991968860661 0.0005497720203288506 0.042169354914820233 0.00013703989052998213 0.022213031129676958 0.00089483973562193048 0.010021592136908439 -0.0088320951740342244 0.00093944917609545524 -0.016761050367275168 -0.0096264046991675206 0.015749159089180099 0.013210537931549386 0.010910289953505256 -0.00094549014145389331 0.016602801116087619 -0.018107395235743392 0.015832380639887914 0.01005072844952711 -0.0081066158325937641 0.013235980301222184 -0.00062059457761524516 -0.0079343215319690481
leaf_weight=184.94721128046513 84.880127623677254 347.6762992143631 90.876009225845337 87.289017513394356 197.02330300211906 131.68386092782021 57.330449223518372 469.60414746403694 373.15204104781151 158.60547471046448 58.960719898343086 245.7973837852478 193.58385843038559 163.95644065737724 110.87330125272274 314.18402972817421 407.30244623124599 309.47799180448055 161.74168536067009 132.22032542526722 121.54105333983898 97.457101970911026 1089.4240076988935 110.0260813087225 157.46418921649456 84.966100081801414 225.56859682500362 131.85700111091137 190.78794491291046 52.938506439328194 368.15164068341255
leaf_count=760 344 1398 372 353 790 530 230 1911 1509 641 248 987 780 663 448 1291 1653 1269 653 538 489 390 4384 442 651 342 906 533 769 213 1494
internal_value=0.000212722 0.0073275 0.0134718 -0.00372467 0.0100403 0.000213398 -0.00133611 -0.00411673 -0.00605674 -0.00997929 0.0261133 0.00435136 0.0138511 -0.00759072 0.00152639 -0.00849701 -0.00653461 -0.0126276 -0.00206373 0.0218699 0.00428176 0.00088181 6.7556e-05 0.00896148 -0.0119287 0.00655369 0.00488116 -0.00117726 0.0177572 0.00901406 -0.00607089
internal_weight=6911.35 2462.2 1321.15 4449.15 1039.1 1141.05 2750.07 1394.99 1133.22 628.21 282.057 688.016 691.421 1699.07 1355.08 1535.12 1040.69 494.425 569.044 223.096 261.769 1297.75 1200.3 307.049 471.648 556.332 471.366 505.009 384.372 174.48 453.032
internal_count=27981 9940 5337 18041 4179 4603 11101 5649 4594 2552 1158 2765 2781 6940 5452 6277 4248 2029 2306 910 1055 5222 4832 1232 1942 2235 1893 2042 1549 702 1838
is_linear=0
shrinkage=0.05


Tree=14
num_leaves=32
num_cat=0
split_feature=3 1 3 1 1 3 3 3 4 3 4 1 1 3 4 3 4 4 3 1 3 1 3 1 4 4 1 4 3 1 1
split_gain=69.9576 38.9287 20.899 14.8624 10.8665 10.7166 8.01721 10.0708 9.17029 7.12549 6.36775 5.67543 5.08984 4.80921 5.86659 6.90552 6.31729 7.06259 4.76809 4.64093 4.2682 3.43022 3.23093 3.12375 4.2479 2.91598 2.73732 2.68791 2.63626 4.70825 2.5688
threshold=0.014779042797567471 1416.6666666666667 0.043358156653060406 9583.3333333333339 2750.0000000000005 0.044065434733129204 -0.0013454362731337144 -0.0091522213208698102 0.98115182304550563 0.071093693786986101 1.7110820398162241 9916.6666666666697 250.00000000000003 -0.0071538852044416507 1.302834515416565 0.0076592522099223799 0.79512871685625452 0.87946702772245555 0.028027603812070496 3250.0000000000005 -0.015835535053945603 38250.000000000007 0.035345302280308924 1083.3333333333337 0.99197990465993746 1.0880059073419517 1583.3333333333337 1.1590733335721413 0.008508458052985687 21250.000000000004 3916.6666666666674
decision_type=2 2 2 2 2 2 2 2 2 2 2 2 2 2 2 2 2 2 2 2 2 2 2 2 2 2 2 2 2 2 2
left_child=3 5 4 13 18 -2 7 20 21 19 11 -6 -7 26 16 -16 30 -18 -3 -4 -5 -9 -20 24 -14 -22 -1 -10 -8 -30 -15
right_child=1 2 9 6 10 12 28 8 27 -11 -12 -13 23 14 15 -17 17 -19 22 -21 25 -23 -24 -25 -26 -27 -28 -29 29 -31 -32
leaf_value=-0.004029460316447033 -0.005771483021554509 -0.005084771730949897 0.015545830599099095 -0.003745838528995878 0.0080739589244789595 -0.0047071398217533476 0.00020236611631883666 -0.014471973070361297 0.0056658117072168786 0.040460823176712638 0.025759780735082435 0.018045186032242606 0.00092675591803156518 -0.0079171147745716944 0.0056799412128993032 -0.010296366129455897 -0.024354734720256746 -0.0088283162710848604 0.015911533110745325 0.030694088563752775 0.014618001073624541 -0.0054890468065241687 -0.00066692354997792099 0.015056049192222124 0.010708842225280624 0.0005791697336188132 -0.014380736132566069 -0.0038387843051973405 0.012137224457601167 -0.0033477949648412727 -0.0012597199419830561
leaf_weight=81.194695308804512 452.71858465671539 149.16760960221291 144.78463776409626 104.82926701009274 487.56304039061069 131.63400609791279 1418.7218750268221 334.52344334125519 103.04958313703537 58.392535507678986 81.646386936306953 201.75914816558361 292.64669477939606 262.55621440708637 201.32517902553082 101.85629314184189 93.844594076275826 333.62019607424736 64.445209845900536 77.693422347307205 97.336834758520126 155.75559367239475 54.025796979665756 84.881991326808929 178.78161256015301 59.658473029732704 299.27468383312225 267.41894264519215 128.66647581756115 79.36816693842411 323.34050586819649
leaf_count=333 1838 602 585 424 1956 530 5719 1366 417 248 330 816 1175 1083 816 415 384 1364 258 325 391 630 217 342 718 240 1231 1081 515 318 1314
internal_value=0.000202232 0.00696743 0.0128154 -0.00354092 0.00954302 0.000202747 -0.00126979 -0.00452008 -0.00713202 0.0249159 0.0125563 0.0109925 0.00413424 -0.00722038 -0.00578948 0.00031257 -0.00761512 -0.0122369 0.00086276 0.0208359 0.00406665 -0.0116182 0.00835133 0.00622628 0.00463646 0.00928322 -0.0121717 -0.00119498 0.000973131 0.00622947 -0.00424308
internal_weight=6906.48 2460.14 1319.48 4446.34 1038.61 1140.66 2749.33 1122.57 860.748 280.871 770.969 689.322 687.944 1697.01 1316.54 303.181 1013.36 427.465 267.639 222.478 261.825 490.279 118.471 556.31 471.428 156.995 380.469 370.469 1626.76 208.035 585.897
internal_count=27981 9940 5337 18041 4179 4603 11101 4549 3494 1158 3102 2772 2765 6940 5376 1231 4145 1748 1077 910 1055 1996 475 2235 1893 631 1564 1498 6552 833 2397
is_linear=0
shrinkage=0.05


Tree=15
num_leaves=32
num_cat=0
split_feature=3 1 3 1 3 1 3 3 1 3 4 3 3 3 4 3 1 4 3 3 1 4 4 4 4 4 1 3 4 3 3
split_gain=64.7273 34.4805 19.6024 18.5346 22.8016 11.1948 9.6249 8.71965 7.82255 7.38624 6.98563 6.9541 6.34765 6.11899 6.22731 5.10331 4.99204 4.84852 4.8076 4.80118 6.0995 4.5581 4.11143 6.25876 4.37226 3.97426 5.94028 5.25353 3.8347 3.47551 3.27831
threshold=0.020181713655976031 1583.3333333333337 0.067635830357238386 3916.6666666666674 0.005868952425875395 5083.3333333333348 0.031196380064465585 0.037388873613864962 10250.000000000002 -0.0017868923771473001 1.0810751479503613 -0.012542731927115263 -0.00010604772129466916 0.043358156653060406 0.85718124567185405 0.016337698597322012 1750.0000000000002 0.37307239026539735 -0.007419545708826903 -0.0091522213208698102 11583.333333333334 1.132525048297091 0.76318252123892305 0.83601846880100494 0.67937766925226994 1.3119820849336461 583.33333333333337 0.093488350843671825 0.72352711164540706 0.029238427465568092 0.014160661420332602
decision_type=2 2 2 2 2 2 2 2 2 2 2 2 2 2 2 2 2 2 2 2 2 2 2 2 2 2 2 2 2 2 2
left_child=3 6 5 9 8 13 -2 29 10 11 17 16 -11 -3 -15 30 -1 -5 -12 -10 -21 -13 24 -24 -6 27 -27 -8 -17 -7 -14
right_child=1 2 -4 4 22 7 25 -9 19 12 18 21 15 14 -16 28 -18 -19 -20 20 -22 -23 23 -25 -26 26 -28 -29 -30 -31 -32
leaf_value=-0.0021347723629894051 -0.0080275387894060534 0.0045072029614834511 0.041816506841490936 0.0026467645965573888 0.0066764659712678313 0.019506373110880493 0.00076621631948647277 0.034596194446072516 0.0040033514331480509 -0.029916413959341456 -0.013244736059484438 -0.0019417084415124771 -0.010473529805529702 0.0046057774222857334 0.025685246301651143 -0.0090027746460538526 -0.021757339755627613 -0.013663654427183942 0.0029893338599630134 0.0091613232679714635 -0.0039535383261681753 0.01583205658877598 -0.01257700689106242 0.0045193847601594965 0.020883704808348474 0.0005266239903615027 0.018866696973290353 0.017074011633395027 -0.026654282336803864 0.0075500673888467835 0.0018095288598691693
leaf_weight=64.775717228651047 223.6126699000597 384.88454362750053 60.314738944172859 50.900568082928658 247.86433474719524 168.11227965354919 690.27093830704689 74.131449162960052 248.28018169105053 49.281592071056366 62.481768205761909 120.37943786382675 418.185955747962 61.464988425374031 81.484962403774261 49.348930954933167 64.872404471039772 434.56580227613449 168.84148555994034 92.865759044885635 1955.5765649974346 51.505016773939133 60.292544811964035 477.47398328781128 69.292662471532822 83.15723791718483 94.127189323306084 53.191276088356972 81.720921948552132 95.199772596359253 62.431947082281113
leaf_count=266 908 1544 257 208 995 681 2778 307 1000 203 256 496 1725 251 333 201 268 1779 684 377 7909 211 242 1919 278 335 379 214 333 386 256
internal_value=-0.000316696 0.007081 0.0142564 -0.00348645 -0.00194163 0.0123353 0.0012773 0.0194483 -0.00398624 -0.00969533 -0.00854625 -0.00321041 -0.0126537 0.00778806 0.0166216 -0.0112629 -0.0119534 -0.0119535 -0.00139558 -0.0025631 -0.00335898 0.00338418 0.00526542 0.0026026 0.00978047 0.00353707 0.0102641 0.00193296 -0.0200083 0.0151836 -0.00887797
internal_weight=6900.89 2069.95 925.593 4830.94 3868.44 865.278 1144.36 337.444 3013.51 962.502 716.79 301.533 660.969 527.834 142.95 611.688 129.648 485.466 231.323 2296.72 2048.44 171.884 854.924 537.767 317.157 920.747 177.284 743.462 131.07 263.312 480.618
internal_count=27979 8373 3759 19606 15647 3502 4614 1374 12213 3959 2927 1241 2718 2128 584 2515 534 1987 940 9286 8286 707 3434 2161 1273 3706 714 2992 534 1067 1981
is_linear=0
shrinkage=0.05


Tree=16
num_leaves=32
num_cat=0
split_feature=3 1 3 1 3 1 3 3 1 3 3 4 3 3 3 4 3 4 1 3 3 1 4 4 4 4 4 1 3 4 3
split_gain=58.476 31.2208 18.0369 16.772 20.5843 10.2047 8.69158 8.08571 7.0784 6.69255 6.53326 6.80671 6.29013 6.21263 5.78628 5.23321 4.62773 4.55484 4.53606 4.33656 4.33401 5.50336 4.10289 3.70818 5.66698 3.94163 3.60213 7.41784 4.79116 3.48733 2.96786
threshold=0.020181713655976031 1583.3333333333337 0.067635830357238386 3916.6666666666674 0.005868952425875395 5750.0000000000009 0.031196380064465585 0.037388873613864962 10250.000000000002 -0.0017868923771473001 -0.021178665331028527 1.0810751479503613 -0.012542731927115263 0.043358156653060406 -0.00010604772129466916 0.85718124567185405 0.016337698597322012 1.3934459785585513 1750.0000000000002 0.029238427465568092 -0.0091522213208698102 11583.333333333334 1.132525048297091 0.76318252123892305 0.82728499795358101 0.67937766925226994 1.1812630740735002 750.00000000000011 0.093488350843671825 0.72352711164540706 0.014160661420332602
decision_type=2 2 2 2 2 2 2 2 2 2 2 2 2 2 2 2 2 2 2 2 2 2 2 2 2 2 2 2 2 2 2
left_child=3 6 5 9 8 13 -2 19 10 12 -5 -12 18 17 -11 -15 30 -3 -1 -7 -10 -22 -14 25 -25 -6 28 -28 -8 -18 -16
right_child=1 2 -4 4 23 7 26 -9 20 14 11 -13 22 15 16 -17 29 -19 -20 -21 21 -23 -24 24 -26 -27 27 -29 -30 -31 -32
leaf_value=-0.0020287448335552477 -0.0076334795766982433 0.0021415557876867984 0.040154385910044194 -0.025196469949121343 0.0063409238037516582 0.020029357749718958 0.00036398034542914072 0.034925749928551124 0.0038020507980888042 -0.028573331303670641 -0.010266687290758292 0.0005866549077656704 -0.0018452508401029088 0.0058528834703004164 -0.009968451373557119 0.024852892681612695 -0.0085626931956513282 0.015409029978435905 -0.020753883398229093 0.0058642644225368312 0.0086941368128262194 -0.0037573991836734712 0.015004883567114966 -0.012845932779065389 0.0041918997065715502 0.019826656615496006 0.0014094233785532405 0.01957437616844231 0.016405572539854359 -0.025412873288605222 0.0017185747477158832
leaf_weight=64.753588899970055 223.4037964195013 338.31653706729412 59.686956092715263 52.003803223371506 247.92977638542652 149.33234788477421 636.84681771695614 64.278870478272438 248.35229894518852 49.02479399740696 451.38680565357208 212.45445768535137 120.33944816887379 64.00431489944458 417.42563219368458 83.548662438988686 49.292441383004189 79.983723565936089 64.615239575505257 84.664871618151665 92.960661858320236 1954.7967524826527 51.623949259519577 54.283917888998985 483.53203184902668 69.336402103304863 139.59133121371269 94.079566493630409 50.216671198606491 81.43469263613224 62.448841959238052
leaf_count=266 908 1357 257 214 995 607 2563 268 1000 203 1850 863 496 262 1725 343 201 321 268 344 377 7909 211 218 1943 278 562 379 202 333 256
internal_value=-0.000301069 0.0067341 0.0135711 -0.00331441 -0.00184534 0.011735 0.00121364 0.0192188 -0.00378904 -0.00922616 -0.00813014 -0.0067932 -0.00305255 0.00779006 -0.0120464 0.0166112 -0.0107195 0.00467845 -0.0113813 0.0149041 -0.00243564 -0.00319215 0.00321321 0.00500116 0.0024722 0.00928814 0.00336028 0.00872292 0.00153644 -0.0190593 -0.00844755
internal_weight=6895.95 2067.95 923.816 4828 3867.04 864.129 1144.14 298.276 3011.95 960.959 715.845 663.841 301.332 565.853 659.626 147.553 610.602 418.3 129.369 233.997 2296.11 2047.76 171.963 855.082 537.816 317.266 920.734 233.671 687.063 130.727 479.874
internal_count=27979 8373 3759 19606 15647 3502 4614 1219 12213 3959 2927 2713 1241 2283 2718 605 2515 1678 534 951 9286 8286 707 3434 2161 1273 3706 941 2765 534 1981
is_linear=0
shrinkage=0.05


Tree=17
num_leaves=32
num_cat=0
split_feature=3 1 3 1 3 1 3 3 1 3 4 3 3 3 3 4 3 1 3 1 4 4 4 4 1 4 1 3 1 4 3
split_gain=52.8311 28.2739 16.6045 15.1775 18.5827 9.34215 7.84884 7.33971 6.44923 7.01823 6.51279 6.06385 5.68961 5.27656 5.01145 5.17028 4.33273 5.56067 4.19782 4.12197 3.69412 3.34498 5.13033 3.55762 4.07583 3.29967 4.95885 4.30122 3.2732 3.17286 3.02972
threshold=0.020181713655976031 1583.3333333333337 0.067635830357238386 3916.6666666666674 0.005868952425875395 5083.3333333333348 0.031196380064465585 0.037388873613864962 10416.66666666667 -0.021178665331028527 1.0810751479503613 -0.0017868923771473001 -0.012542731927115263 -0.00010604772129466916 0.043358156653060406 0.85718124567185405 -0.0091522213208698102 11583.333333333334 0.016337698597322012 1750.0000000000002 1.132525048297091 0.76318252123892305 0.83601846880100494 0.66760301748695638 15583.333333333334 1.3119820849336461 583.33333333333337 0.093488350843671825 12083.333333333334 0.72352711164540706 0.037388873613864962
decision_type=2 2 2 2 2 2 2 2 2 2 2 2 2 2 2 2 2 2 2 2 2 2 2 2 2 2 2 2 2 2 2
left_child=3 6 5 11 8 14 -2 28 9 -5 -11 12 19 -13 30 -16 -10 -18 -15 -1 -14 23 -23 24 -6 27 -27 -8 -7 -20 -3
right_child=1 2 -4 4 21 7 25 -9 16 10 -12 13 20 18 15 -17 17 -19 29 -21 -22 22 -24 -25 -26 26 -28 -29 -30 -31 -32
leaf_value=-0.0019279553138614389 -0.0072586390631527997 0.0060126172246338493 0.038571970649213388 -0.025250744954631421 0.010394442374502849 0.009776247899638376 0.00067552293927976206 0.031679541852947829 0.0039639443353140158 -0.009690953048131945 0.00079142668611781319 -0.027295268077903962 -0.0017535608039242604 -0.0080377353526586964 0.0040886377897063229 0.023332733520233462 0.010086264385656017 -0.0035709438590005578 -0.0081439634270185062 -0.019797302623993814 0.014224336912817759 -0.01140344595252967 0.0040824352113955804 0.017973738153917871 -0.0034853212866575384 0.00042974768402757662 0.017189403488090518 0.015432827284436165 0.021567220837967818 -0.024233230516144372 -0.0059731534773964879
leaf_weight=64.732433617115021 223.19881621003151 321.82363505661488 59.045369952917099 52.762344419956207 158.3797367811203 173.38407379388809 690.29596005380154 73.24260151386261 246.94146504998207 460.78348495066166 218.41849322617054 48.761121183633804 120.30125457048416 479.14753921329975 61.383103907108307 80.906387358903885 77.487607464194298 1954.041925355792 49.236965447664261 64.357201635837555 51.731078803539276 60.226694583892822 477.62763504683971 79.558228895068169 79.412936493754387 83.169999077916145 94.039729446172714 53.180165976285934 89.109060972929001 81.136601358652115 63.054363280534744
leaf_count=266 908 1291 257 218 636 700 2778 307 994 1891 887 203 496 1981 251 333 314 7909 201 268 211 242 1919 319 318 335 379 214 367 333 253
internal_value=-0.000286199 0.00640464 0.0129202 -0.00315087 -0.00175383 0.011165 0.00115321 0.0176841 -0.00360154 -0.00768461 -0.00632002 -0.00877983 -0.00290253 -0.0114683 0.00701316 0.0150309 -0.00228985 -0.00305002 -0.0102022 -0.0108367 0.00305108 0.00475037 0.00234839 0.0088213 0.00575917 0.00319247 0.00932358 0.0017311 0.013779 -0.0181569 0.00404899
internal_weight=6890.88 2065.83 921.949 4825.04 3865.64 862.903 1143.88 335.736 3010.44 731.964 679.202 959.404 301.122 658.282 527.167 142.289 2278.47 2031.53 609.521 129.09 172.032 855.205 537.854 317.351 237.793 920.686 177.21 743.476 262.493 130.374 384.878
internal_count=27979 8373 3759 19606 15647 3502 4614 1374 12213 2996 2778 3959 1241 2718 2128 584 9217 8223 2515 534 707 3434 2161 1273 954 3706 714 2992 1067 534 1544
is_linear=0
shrinkage=0.05


Tree=18
num_leaves=32
num_cat=0
split_feature=3 1 1 3 3 1 3 3 4 1 1 3 4 3 3 3 4 4 4 3 1 3 3 1 4 4 1 4 1 1 1
split_gain=47.7327 25.7579 13.7339 16.7759 9.40266 9.07856 11.6463 8.78939 6.99169 5.84001 5.83508 6.38234 5.89215 5.49349 5.14641 4.81335 4.42763 4.95489 4.01612 3.911 5.01655 3.87914 3.80917 3.74575 3.32686 3.29986 3.39672 3.06837 3.04083 3.93818 3.65936
threshold=0.020181713655976031 3916.6666666666674 3916.6666666666674 0.005868952425875395 0.038310956137640483 1083.3333333333337 0.043358156653060406 0.029238427465568092 0.87010085165801787 12083.333333333334 10416.66666666667 -0.021178665331028527 1.0810751479503613 -0.0017868923771473001 -0.012542731927115263 -0.00010604772129466916 0.90182697226089437 1.0580058210261958 0.70658391175762092 -0.0091522213208698102 11583.333333333334 0.029613915315875771 0.016337698597322012 1750.0000000000002 1.132525048297091 1.3119820849336461 583.33333333333337 0.61287653103085205 23416.666666666668 36916.666666666679 18916.666666666668
decision_type=2 2 2 2 2 2 2 2 2 2 2 2 2 2 2 2 2 2 2 2 2 2 2 2 2 2 2 2 2 2 2
left_child=2 5 13 10 8 7 16 -2 18 21 11 -4 -13 14 23 -15 27 -18 -3 -12 -21 -10 -17 -1 -16 -9 -27 -7 30 -30 -5
right_child=1 4 3 28 -6 6 -8 25 9 -11 19 12 -14 15 24 22 17 -19 -20 20 -22 -23 -24 -25 -26 26 -28 -29 29 -31 -32
leaf_value=-0.0018321433280732641 -0.012532363014990179 0.0143647232276971 -0.024102540683592744 0.0041610284598271015 0.029510383865668136 0.0038368217310154624 0.01502278576167871 0.00022959461207653836 0.0075465257488763387 0.020418852035598813 0.0037647001490043485 -0.0092207520190802691 0.00075178443767219517 -0.026077706483684002 -0.0016663999476097706 -0.0076471151415186461 0.020600084073276542 0.0027306997672968611 0.031585630982853843 0.0095717311185491549 -0.0033936976040230813 -0.0094178683911892679 -0.017298513003107412 -0.018884976447606273 0.0134872932204021 0.0022977748165037316 0.017908838447947596 -0.0083336276482845837 0.017653320254563801 0.0025294333621147472 -0.0086627667549854341
leaf_weight=64.712215915322304 124.31014467775822 86.978585481643677 52.518385320901871 621.67356598377228 108.18432343006134 91.116167485713959 292.40281371772289 634.21792158484459 91.517269670963287 55.149268597364426 247.00841052830219 460.0848127156496 218.43865562975407 48.492829725146294 120.26478539407253 478.45962016284466 51.811305120587349 154.39386864006519 55.432792752981186 77.568210929632187 1953.3122442215681 53.336689308285713 130.01241007447243 64.09966579079628 51.827569708228111 86.374768123030663 58.406383916735649 119.98631078004837 90.280790731310844 82.265779867768288 61.097784906625748
leaf_count=266 509 353 218 2497 459 366 1204 2552 369 228 994 1891 887 203 496 1981 208 620 225 314 7909 215 534 268 211 348 235 482 362 330 245
internal_value=-0.000272058 0.0060916 -0.00299538 -0.00166686 0.0166606 0.00313913 0.00737103 -0.000185791 0.0126008 0.00657192 -0.00342331 -0.00731003 -0.00601027 -0.00835492 -0.00275994 -0.0109175 0.00200954 0.00722058 0.0210679 -0.00217595 -0.00289849 0.00130006 -0.00970933 -0.010318 0.00289731 0.00178444 0.00859546 -0.00308061 0.0045122 0.0104426 0.00301349
internal_weight=6885.74 2063.62 4822.12 3864.25 450.599 1613.02 709.71 903.309 342.415 200.003 3008.93 731.042 678.523 957.869 300.904 656.965 417.308 206.205 142.411 2277.89 2030.88 144.854 608.472 128.812 172.092 778.999 144.781 211.102 855.318 172.547 682.771
internal_count=27979 8373 19606 15647 1849 6524 2880 3644 1390 812 12213 2996 2778 3959 1241 2718 1676 828 578 9217 8223 584 2515 534 707 3135 583 848 3434 692 2742
is_linear=0
shrinkage=0.05


Tree=19
num_leaves=32
num_cat=0
split_feature=3 1 3 1 3 1 3 3 1 3 4 3 3 3 3 3 4 3 3 1 3 4 4 4 1 4 4 1 3 3 1
split_gain=43.1224 23.4072 15.0401 12.4272 15.1447 7.8354 6.44766 6.42533 5.27929 5.80488 5.33038 4.97618 4.69336 4.61945 4.52246 4.39183 4.19277 3.77243 3.53032 4.52589 3.45599 3.02662 4.63072 3.23852 2.90494 2.89803 2.74978 6.07171 3.92678 2.69513 2.68097
threshold=0.020181713655976031 1583.3333333333337 0.067635830357238386 3916.6666666666674 0.005868952425875395 5750.0000000000009 0.037388873613864962 0.031196380064465585 10416.66666666667 -0.021178665331028527 1.0810751479503613 -0.0017868923771473001 -0.01303748090272789 0.043358156653060406 0.051218051935596025 -0.00010604772129466916 1.3934459785585513 0.029238427465568092 -0.0091522213208698102 11583.333333333334 0.016337698597322012 0.76318252123892305 0.82728499795358101 0.67937766925226994 30750.000000000004 0.72352711164540706 1.1812630740735002 750.00000000000011 0.093488350843671825 0.014160661420332602 1750.0000000000002
decision_type=2 2 2 2 2 2 2 2 2 2 2 2 2 2 2 2 2 2 2 2 2 2 2 2 2 2 2 2 2 2 2
left_child=3 7 5 11 8 13 17 -2 9 -5 -11 12 30 16 -15 -13 -3 -7 24 -20 29 23 -23 -6 -10 -22 28 -28 -9 -17 -1
right_child=1 2 -4 4 21 6 -8 26 18 10 -12 15 -14 14 -16 20 -18 -19 19 -21 25 22 -24 -25 -26 -27 27 -29 -30 -31 -32
leaf_value=-0.0031352809590659927 -0.0066011677957744019 0.0015126034030450894 0.036365345065343134 -0.023008336040211602 0.0054869693220355549 0.017626747332251069 0.030856195590326953 0.00020788666508433061 0.0072857792646244665 -0.0087730834620348315 0.00071413128345066063 -0.024916654082957759 0.0024132570505368857 0.024349163279416986 0.0066063282139822216 -0.0087295179757947688 0.014244468965026721 0.0043806365150690597 0.0090843707625708498 -0.0032252061523441937 -0.0068985605362231368 -0.011853705896024972 0.0035545023306590312 0.01770710494051533 -0.0043468345176475237 -0.022311656075332285 0.00093802363448245146 0.017381869072491233 0.014735364840732216 0.0024213027447352736 -0.01818869988353863
leaf_weight=61.537214279174805 222.77144077420235 338.26443473994732 58.073697134852409 52.27160020172596 248.08864775300026 148.32155255973339 63.019879177212715 636.79077081382275 168.26695969700813 459.40158307552338 218.45774585008621 48.221876204013824 182.19372820854187 63.200725793838501 83.185293078422546 415.47623246908188 79.945802375674248 84.300767630338669 77.641183137893677 1952.6076444238424 49.062149986624718 54.228801742196083 483.73431080579758 69.37876932322979 78.803269445896149 80.597483560442924 139.6136951893568 93.886503219604492 50.180914372205734 62.316000208258629 56.950209811329842
leaf_count=253 908 1357 257 218 995 607 268 2563 678 1891 887 203 749 263 342 1725 321 344 314 7909 201 218 1943 278 316 333 562 379 202 256 239
internal_value=-0.000258649 0.00579328 0.0117379 -0.00284752 -0.00158418 0.0100753 0.0166697 0.00101828 -0.00325388 -0.00695361 -0.00571558 -0.00795037 -0.0026244 0.00662222 0.0142666 -0.0103928 0.00394645 0.0128264 -0.00206771 -0.00275446 -0.00923982 0.004286 0.00200129 0.00815754 0.00357555 -0.0164795 0.00286233 0.00754982 0.00126907 -0.00727517 -0.0103706
internal_weight=6880.79 2061.56 918.312 4819.24 3862.88 860.238 295.642 1143.24 3007.45 730.131 677.859 956.355 300.681 564.596 146.386 655.674 418.21 232.622 2277.32 2030.25 607.452 855.431 537.963 317.467 247.07 129.66 920.472 233.5 686.972 477.792 118.487
internal_count=27979 8373 3759 19606 15647 3502 1219 4614 12213 2996 2778 3959 1241 2283 605 2718 1678 951 9217 8223 2515 3434 2161 1273 994 534 3706 941 2765 1981 492
is_linear=0
shrinkage=0.05


Tree=20
num_leaves=32
num_cat=0
split_feature=3 1 1 3 3 3 1 3 4 3 1 1 3 3 3 3 1 3 3 3 1 4 3 3 4 4 3 1 3 1 4
split_gain=30.0145 21.1826 11.8074 11.041 10.6801 9.78126 10.5462 8.91728 7.38103 4.85856 5.18152 4.44288 7.99961 4.31854 4.28122 5.72143 3.75695 5.03224 3.48928 5.66395 2.79652 2.76512 2.67952 5.90107 2.54826 3.56211 3.46807 2.48196 2.40518 4.93946 2.33665
threshold=0.017552136961179906 2250.0000000000005 5083.3333333333348 0.056404018168972163 0.0021490356760935749 0.056404018168972163 583.33333333333337 -0.010330350994361021 1.302834515416565 0.015851360145081986 4416.666666666667 22083.333333333339 -0.0055359741907649359 -0.015835535053945603 0.074375793676680388 0.065532227072892371 6750.0000000000009 0.032354742654205258 0.0026027321925754681 0.0032158318364567543 29083.333333333339 0.58854662613334463 -0.0071538852044416507 -0.0017868923771473001 1.7314800826628243 1.4525995428688663 0.044065434733129204 11750.000000000002 0.035345302280308924 7083.3333333333348 0.71088116861137574
decision_type=2 2 2 2 2 2 2 2 2 2 2 2 2 2 2 2 2 2 2 2 2 2 2 2 2 2 2 2 2 2 2
left_child=2 5 9 8 7 24 -7 13 16 10 22 12 -9 -4 15 -8 21 -18 -6 -20 -13 -3 -1 -24 25 26 -2 -21 29 -10 -15
right_child=1 3 4 -5 18 6 14 11 28 -11 -12 20 -14 30 -16 -17 17 -19 19 27 -22 -23 23 -25 -26 -27 -28 -29 -30 -31 -32
leaf_value=-0.0099470150575889371 -0.0047912086273917713 -0.0050188110871667493 -0.0012457435334288752 0.030084861127705982 0.011670177750688852 -0.001010942713931119 0.0169267886766435 -0.016750106557086197 0.006024327467007453 -0.022330838107881119 -0.016202604928051739 0.0023623412616930631 -0.0047442554626873001 0.0019033895878944398 0.022678534012033669 -0.00065355537742549017 0.0070840311627229178 0.024912709901329516 -0.008765334514741048 -0.00016650388767605308 -0.0037297661479059304 0.0054442283752049484 0.0066105913262820412 -0.0056951682800638519 0.0066145567572090339 -0.016411764518756127 0.0026835222341912899 0.004757780245683893 0.026703527483489517 0.02437153298874456 0.015202878254536513
leaf_weight=217.24610021710396 514.54633675515652 81.509354263544083 147.88429440557957 67.956195503473282 95.264664858579636 266.4002190977335 101.2040691524744 173.80548655986786 83.023884758353233 50.283755719661713 119.26002460718155 243.84732311964035 687.84327799081802 49.320038229227066 80.596405833959579 85.275206714868546 161.98951877653599 52.375802502036095 116.12598122656345 416.90760813653469 828.06792369484901 280.26558138430119 117.7486604899168 564.32353693246841 68.984224438667297 49.3575409501791 222.19015544652939 662.53626434504986 51.111925467848778 65.724996328353882 99.971297740936279
leaf_count=901 2090 329 604 297 384 1070 408 714 334 206 491 988 2809 200 335 346 661 219 468 1675 3354 1133 483 2344 279 200 894 2659 213 270 404
internal_value=-0.000243163 0.00451216 -0.00255587 0.0107593 -0.00115882 0.000715154 0.00602805 -0.00325341 0.00906695 -0.00715872 -0.00640972 -0.00449275 -0.00716599 0.00481029 0.0130492 0.00888746 0.00619487 0.0114401 0.00246093 0.00172713 -0.00234389 0.00308686 -0.00511107 -0.00357078 -0.00259952 -0.0034081 -0.00253693 0.0028559 0.0173463 0.0141311 0.0108092
internal_weight=6822.95 2232.51 4590.44 843.957 3521.57 1388.55 533.476 2230.74 776.001 1068.86 1018.58 1933.56 861.649 297.176 267.076 186.479 576.14 214.365 1290.83 1195.57 1071.92 361.775 899.318 682.072 855.078 786.094 736.736 1079.44 199.861 148.749 149.291
internal_count=27762 9078 18684 3456 14259 5622 2159 9073 3159 4425 4219 7865 3523 1208 1089 754 2342 880 5186 4802 4342 1462 3728 2827 3463 3184 2984 4334 817 604 604
is_linear=0
shrinkage=0.05


Tree=21
num_leaves=32
num_cat=0
split_feature=3 1 3 1 3 3 1 3 4 4 4 1 4 3 3 3 1 3 3 3 3 3 3 1 1 4 4 4 1 4 4
split_gain=27.207 20.9457 12.2581 10.5316 10.8216 9.28526 11.7276 8.05153 4.83407 4.70531 4.92432 4.78423 4.55174 4.51429 4.61843 4.84017 4.01904 7.25474 3.89288 3.77402 5.66389 2.97456 5.36971 2.66235 2.92403 2.55833 10.2245 4.54598 2.52492 2.41145 2.10421
threshold=0.020181713655976031 3250.0000000000005 0.038310956137640483 5083.3333333333348 0.0021490356760935749 0.056404018168972163 583.33333333333337 -0.010330350994361021 0.86570880039896903 1.6875593348090496 0.91901682489020864 8250.0000000000018 0.71088116861137574 0.022661598273333385 0.024560632138948765 0.047611026380430528 22083.333333333339 -0.0055359741907649359 -0.015835535053945603 0.074375793676680388 0.065532227072892371 0.0026027321925754681 0.0032158318364567543 4416.666666666667 3916.6666666666674 1.2945965922737037 1.4778317000082313 1.0746143584776415 29083.333333333339 2.1150135185876366 0.71088116861137574
decision_type=2 2 2 2 2 2 2 2 2 2 2 2 2 2 2 2 2 2 2 2 2 2 2 2 2 2 2 2 2 2 2
left_child=3 5 9 23 7 13 -7 18 -4 10 12 -12 -3 -2 -15 -16 17 -9 -5 20 -8 -6 -23 24 25 27 -27 -1 -18 -24 -20
right_child=1 2 8 4 21 6 19 16 -10 -11 11 -13 -14 14 15 -17 28 -19 30 -21 -22 22 29 -25 -26 26 -28 -29 -30 -31 -32
leaf_value=-0.0062561800479021467 0.013224347173056629 0.0055022637652969771 0.015612262578259154 -0.001183652318438247 0.011075838161897058 -0.00096045531255818054 0.017366620632152437 -0.015956343338738282 0.034923670815465817 0.023327292485308973 -0.0065711063797734837 0.011381395108998731 0.021148758796335189 -0.01338421931163556 0.0010595118946360154 -0.0080581568356455132 0.0022436275088114394 -0.0045101121095559096 0.0018079121113557675 0.022046074715802756 0.00088166546868992607 -0.0083335146135490971 0.0023385244802004742 -0.012917046309296566 0.0021147360798018946 0.016412975300204014 -0.0083403332280230381 -0.017723015767551357 -0.0035447799620491084 0.011490069333209004 0.014425453041377391
leaf_weight=625.54377336800098 49.776357069611549 109.03017270565033 57.957398921251297 147.86044508218765 95.355397611856461 266.38425566256046 113.38176414370537 173.34111346304417 73.505171924829483 48.827654331922531 98.066411778330803 59.704893290996552 81.024002984166145 84.300374835729599 618.47567151486874 190.3569967597723 243.91050460934639 687.38712014257908 49.328216731548309 89.673245742917061 96.410954341292381 116.03843510150909 1077.8381307721138 137.64672727882862 111.98845435678959 57.408722177147865 152.62848635017872 100.29064521193504 827.72608122229576 77.134374439716339 100.08793947100639
leaf_count=2604 201 443 248 604 384 1070 459 714 317 201 394 246 330 342 2498 769 988 2809 200 378 394 468 4326 566 460 238 625 417 3354 311 404
internal_value=-0.000231119 0.00460804 0.013178 -0.00229255 -0.000945216 0.00160826 0.00667165 -0.00309241 0.0264099 0.00879259 0.00675221 0.000222602 0.0121727 -0.00143034 -0.00224708 -0.00108631 -0.0042709 -0.00681526 0.00456807 0.0134606 0.0097909 0.00255858 0.00191959 -0.00637943 -0.00552065 -0.00643431 -0.0015746 -0.00784059 -0.00222731 0.00294971 0.0102599
internal_weight=6818.39 2036.88 528.116 4781.51 3596.01 1508.76 565.85 2229.64 131.463 396.653 347.825 157.771 190.054 942.909 893.133 808.833 1932.36 860.728 297.277 299.466 209.793 1366.37 1271.01 1185.51 1047.86 935.872 210.037 725.834 1071.64 1154.97 149.416
internal_count=27762 8290 2179 19472 14562 6111 2301 9073 565 1614 1413 640 773 3810 3609 3267 7865 3523 1208 1231 853 5489 5105 4910 4344 3884 863 3021 4342 4637 604
is_linear=0
shrinkage=0.05


Tree=22
num_leaves=32
num_cat=0
split_feature=3 1 1 3 3 3 3 3 3 1 4 3 1 1 3 3 3 3 1 3 1 1 3 3 3 4 3 3 4 1 3
split_gain=24.6827 17.7737 9.7209 9.62513 8.67231 8.24378 7.26986 7.2163 9.33601 7.32402 6.45939 4.40675 4.38895 3.63549 6.57934 3.61734 4.42837 3.77748 3.55061 5.88586 4.11919 3.15867 4.39897 2.84141 4.60688 2.47663 2.41162 5.31399 2.33018 2.23762 2.00812
threshold=0.017552136961179906 2250.0000000000005 5083.3333333333348 0.056404018168972163 0.0021490356760935749 0.044065434733129204 -0.010330350994361021 0.047611026380430528 0.052215784509170013 583.33333333333337 1.302834515416565 0.015851360145081986 4416.666666666667 22083.333333333339 -0.0055359741907649359 0.037388873613864962 0.029238427465568092 0.02300488354960491 12583.333333333334 -0.021178665331028527 30750.000000000004 6750.0000000000009 0.032354742654205258 0.0026027321925754681 0.0032158318364567543 0.58854662613334463 -0.0071538852044416507 -0.0017868923771473001 0.48579701487627652 11750.000000000002 0.035345302280308924
decision_type=2 2 2 2 2 2 2 2 2 2 2 2 2 2 2 2 2 2 2 2 2 2 2 2 2 2 2 2 2 2 2
left_child=2 5 11 10 6 15 18 -7 -9 -10 21 12 26 14 -8 16 17 -2 19 -4 -20 25 -23 -6 -25 -3 -1 -28 -15 -26 -12
right_child=1 3 4 -5 23 7 13 8 9 -11 30 -13 -14 28 -16 -17 -18 -19 20 -21 -22 22 -24 24 29 -27 27 -29 -30 -31 -32
leaf_value=-0.0091865760996289233 0.0015876377254305804 -0.0049468934316656589 -0.015597853164712681 0.028018882087510778 0.010512965363049116 0.017163658290745534 -0.015200187483654268 -0.01222791015036148 -0.0011572671044339546 0.0098360739611723334 0.013088727311051609 -0.020980653129260632 -0.014822802048113998 0.0040974930499116241 -0.0042874257056162669 -0.011490103728517087 0.0043983686034577384 -0.010088544601885414 0.014842414742104435 0.0064810775001622163 -0.0014668820110780593 0.0063271639684593164 0.023056301199610857 -0.007922952705212755 -0.00030477644826763952 0.0049573961953473496 0.0065289464322563287 -0.0051496268579104424 -0.0029915303673260663 0.004370357885238518 0.024618370479142324
leaf_weight=216.60833671689034 112.25291210412979 81.485973328351974 48.839717358350754 66.964280098676682 95.435625657439232 91.432724386453629 172.87807762622833 96.339092999696732 292.99535618722439 313.73808054625988 148.26349076628685 50.070375770330429 118.67543876171112 132.24273639917374 686.94674964249134 122.61550599336624 176.98478224873543 180.89880999922752 109.64758005738258 79.028475031256676 59.846028015017509 161.62436416745186 51.918532222509384 115.95117090642452 416.96542802453041 280.0140547901392 117.77838140726089 563.09798075258732 939.12324132025242 662.74326921999454 50.673277318477631
leaf_count=901 463 329 203 297 384 367 714 389 1177 1280 604 206 491 535 2809 495 713 738 441 324 240 661 219 468 1675 1133 483 2344 3807 2659 213
internal_value=-0.000219664 0.00409748 -0.00231729 0.00983306 -0.00105026 0.000620622 -0.00293936 0.00394984 0.00223142 0.00452732 0.00825963 -0.00649979 -0.00578626 -0.00405996 -0.00648157 -0.00384176 -0.001847 -0.00561753 0.00433829 -0.00195205 0.00908381 0.005573 0.0103945 0.00221051 0.00154782 0.00272486 -0.00459135 -0.00312946 -0.00211651 0.0025649 0.0160256
internal_weight=6814.08 2228.2 4585.88 840.944 3519.65 1387.26 2228.55 794.505 703.073 606.733 773.98 1066.23 1016.16 1931.19 859.825 592.752 470.137 293.152 297.362 127.868 169.494 575.043 213.543 1291.1 1195.66 361.5 897.485 680.876 1071.37 1079.71 198.937
internal_count=27762 9078 18684 3456 14259 5622 9073 3213 2846 2457 3159 4425 4219 7865 3523 2409 1914 1201 1208 527 681 2342 880 5186 4802 1462 3728 2827 4342 4334 817
is_linear=0
shrinkage=0.05


Tree=23
num_leaves=32
num_cat=0
split_feature=3 1 3 1 3 3 1 3 4 4 4 4 3 4 4 1 3 3 3 1 3 3 3 3 3 3 3 1 1 1 4
split_gain=22.3907 17.5578 10.6984 8.69595 8.80705 7.7246 9.65877 6.56389 4.33068 4.11179 4.65573 4.65353 3.99489 4.13841 6.10729 3.54277 3.46431 5.13562 3.29873 3.2884 5.96677 2.41942 4.37322 2.41675 4.74932 5.48278 3.67863 3.22965 2.80494 2.28521 2.17998
threshold=0.020181713655976031 3250.0000000000005 0.038310956137640483 5083.3333333333348 0.0021490356760935749 0.056404018168972163 583.33333333333337 -0.010330350994361021 0.86570880039896903 1.6875593348090496 0.8971415253862054 0.71088116861137574 0.022661598273333385 0.91901682489020864 0.78766204738706092 8250.0000000000018 0.074375793676680388 0.065532227072892371 -0.015835535053945603 22083.333333333339 -0.0055359741907649359 0.0026027321925754681 0.0032158318364567543 -0.0071538852044416507 -0.0017868923771473001 -0.00018429923375198965 0.003083091612972566 3083.3333333333335 2750.0000000000005 29083.333333333339 1.0746143584776415
decision_type=2 2 2 2 2 2 2 2 2 2 2 2 2 2 2 2 2 2 2 2 2 2 2 2 2 2 2 2 2 2 2
left_child=3 5 9 23 7 12 -7 18 -4 10 11 -3 -2 14 -14 -12 17 -8 -5 20 -9 -6 -23 27 28 -26 -27 -1 -25 -21 -15
right_child=1 2 8 4 21 6 16 19 -10 -11 15 -13 13 30 -16 -17 -18 -19 -20 29 -22 22 -24 24 25 26 -28 -29 -30 -31 -32
leaf_value=-0.0060933795094511188 0.012447849268016382 0.0050235791546233369 0.014255679153528234 -0.0011776040439951179 0.0099797132738055974 -0.00085468405802910136 0.015957052288977293 -0.014479679950659186 0.032629969715008637 0.021598353278018782 -0.0057058091282322903 0.021330976173222726 -0.0019712933242060893 0.0077244489383751407 -0.014881131978129587 0.0094122636514624575 0.020504287765136537 0.00024204735963988483 0.009354813294700717 0.0022418910879989759 -0.0040756398412074282 -0.0075325779097360603 0.0026568878277688688 0.012751351710096059 -0.021468047371249452 0.0045553584130042643 -0.0062781250737095678 -0.018245581391366394 -0.0019266357382939571 -0.0032653032053311889 -0.00057360728749856896
leaf_weight=160.23478691279888 49.837027013301849 108.88303583860397 57.522134274244308 147.77868756651878 95.506457418203354 266.3503752052784 113.04910217225552 172.41843263804913 72.469511732459068 48.529007315635681 103.01585701107979 73.129956722259521 368.2954748570919 108.29490667581558 121.94349066913128 62.119023218750954 89.056364715099335 96.251494660973549 149.59806270897388 243.91026601195335 686.52206848561764 115.8645736426115 1155.1587121933699 54.788584724068642 54.15714356303215 88.886401861906052 661.62196251749992 82.992940336465836 80.183212518692017 827.18939293920994 294.07276347279549
leaf_count=666 201 443 248 604 384 1070 459 714 317 201 414 299 1489 438 493 257 378 394 604 988 2809 468 4637 224 229 370 2742 349 330 3354 1189
internal_value=-0.000208825 0.0041862 0.0120545 -0.00207917 -0.000855286 0.00144189 0.00606619 -0.00279398 0.0244992 0.00796598 0.00606026 0.0115756 -0.00132897 -0.00209817 -0.00518252 -1.88221e-05 0.0122446 0.00873016 0.00412082 -0.00385939 -0.00616408 0.00230474 0.00172803 -0.00579776 -0.0046479 -0.00610376 -0.00499506 -0.0102399 0.00403154 -0.00201121 0.00165977
internal_weight=6809.63 2032.82 525.669 4776.81 3593.95 1507.15 564.707 2227.42 129.992 395.677 347.148 182.013 942.444 892.607 490.239 165.135 298.357 209.301 297.377 1930.04 858.941 1366.53 1271.02 1182.87 939.637 804.666 750.508 243.228 134.972 1071.1 402.368
internal_count=27762 8290 2179 19472 14562 6111 2301 9073 565 1614 1413 742 3810 3609 1982 671 1231 853 1208 7865 3523 5489 5105 4910 3895 3341 3112 1015 554 4342 1627
is_linear=0
shrinkage=0.05


Tree=24
num_leaves=32
num_cat=0
split_feature=3 1 3 1 3 3 3 3 3 1 4 3 1 3 3 3 1 3 1 1 4 4 1 3 4 3 4 3 4 1 1
split_gain=20.3066 14.9235 8.39425 8.00802 7.06281 6.96352 6.77425 8.0824 5.99443 5.94445 5.66145 3.98635 3.88022 3.23987 4.03587 3.34887 3.16354 5.1387 3.74375 3.0297 3.39233 3.30188 2.64838 4.01737 2.62265 6.23227 5.58382 4.7216 3.37249 2.56165 2.33931
threshold=0.017552136961179906 2250.0000000000005 0.056404018168972163 5083.3333333333348 0.0020155580655950873 0.044065434733129204 0.047611026380430528 0.052215784509170013 -0.010330350994361021 583.33333333333337 1.302834515416565 0.015851360145081986 4416.666666666667 0.037388873613864962 0.029238427465568092 0.02300488354960491 12583.333333333334 -0.021178665331028527 30750.000000000004 37750.000000000007 0.48579701487627652 1.4918598612899392 6750.0000000000009 0.021277073665074694 1.1659290070376913 0.011175122328421697 1.0033273940319123 0.0061528385766271105 0.71465576594016378 11583.333333333334 4083.3333333333339
decision_type=2 2 2 2 2 2 2 2 2 2 2 2 2 2 2 2 2 2 2 2 2 2 2 2 2 2 2 2 2 2 2
left_child=3 5 10 11 8 13 -7 -8 16 -9 22 12 30 14 15 -2 17 -5 -18 21 -21 -10 -3 -24 26 27 28 -26 -6 -28 -1
right_child=1 2 -4 4 24 6 7 9 19 -11 -12 -13 -14 -15 -16 -17 18 -19 -20 20 -22 -23 23 -25 25 -27 29 -29 -30 -31 -32
leaf_value=-0.004822256796105328 0.001502212138174387 0.0024040321719647258 0.026105316792727269 -0.0148083523163909 0.0046073199188078956 0.016398140443910327 -0.01152660967995673 -0.0010492253551481754 -0.0061371091551840279 0.0088610107177117051 0.014814312771429992 -0.01970676390933258 -0.013740228838884316 -0.010808828830636469 0.0042828310886156599 -0.0094953718425052226 0.013876939481156198 0.0058352444856333476 -0.0016686696706384408 0.0090213665833482632 -0.0022222058271826844 0.00089841443324820277 -0.0017229152207210133 0.013666987889662925 0.0003481045916712264 0.011380555103229498 0.0029881498175069791 -0.01227268694885914 -0.0019934315620218821 0.01684956037152199 0.0049490845944097361
leaf_weight=829.47553095221519 112.2385286539793 361.21990957856178 65.989510700106621 48.681656077504158 436.72512339055538 91.459977224469185 96.268418580293655 292.95600986480713 1104.7289607077837 312.96689331531525 198.07817502319813 49.851588755846024 118.17067442834377 122.46780429780483 177.00247813761234 180.61368273198605 109.74475330114365 79.171502858400345 59.849171474575996 76.944779142737389 523.56467677652836 196.4169220328331 58.480732455849648 154.25294919312 186.33000057935715 75.159009173512459 50.05830317735672 123.04255072772503 347.4738457351923 99.744513019919395 66.135655552148819
leaf_count=3455 463 1462 297 203 1752 367 389 1177 4524 1280 817 206 491 495 713 738 441 324 240 311 2124 796 236 644 751 302 201 494 1396 400 273
internal_value=-0.000198475 0.00372158 0.00898888 -0.00210148 -0.000951976 0.000536736 0.0035985 0.00193135 -0.0026868 0.00406954 0.00752585 -0.0059031 -0.00522432 -0.00356571 -0.00167779 -0.00528044 0.00391378 -0.00202506 0.00839094 -0.00371923 -0.000781539 -0.00507505 0.00501051 0.00943629 0.00194144 -0.00153394 0.00337226 -0.00467139 0.00168257 0.0122176 -0.0041007
internal_weight=6805.26 2224 838.021 4581.27 3517.64 1385.97 793.651 702.191 2199.1 605.923 772.032 1063.63 1013.78 592.322 469.855 292.852 297.447 127.853 169.594 1901.66 600.509 1301.15 573.954 212.734 1318.53 384.532 934.002 309.373 784.199 149.803 895.611
internal_count=27762 9078 3456 18684 14259 5622 3213 2846 8963 2457 3159 4425 4219 2409 1914 1201 1208 527 681 7755 2435 5320 2342 880 5296 1547 3749 1245 3148 601 3728
is_linear=0
shrinkage=0.05


Tree=25
num_leaves=32
num_cat=0
split_feature=3 1 3 1 3 1 3 3 3 4 3 4 3 3 3 3 3 3 3 1 4 4 4 4 4 4 3 1 3 4 1
split_gain=31.4723 15.7699 8.86925 8.4181 8.12666 7.93899 4.70785 5.04389 4.47502 4.27275 4.09137 3.92453 4.57554 3.65431 3.54738 5.02657 3.38811 3.28811 3.26186 3.1751 9.50814 8.5884 3.05912 2.80095 5.70048 4.1969 2.56846 2.50669 2.23714 2.46921 1.97289
threshold=0.014779042797567471 1083.3333333333337 0.022203946264665621 3916.6666666666674 0.021277073665074694 10416.66666666667 0.029238427465568092 0.021277073665074694 0.056404018168972163 1.7110820398162241 0.032948851567578437 0.39580687231468925 0.010157496281119512 0.051218051935596025 0.063402702170335848 0.065532227072892371 0.016337698597322012 0.063402702170335848 0.017210536317724488 38250.000000000007 0.48579701487627652 0.45373234569149629 0.96083255312699356 0.32388327538585265 0.42974970541607022 0.2141248962558602 0.011951803124730558 416.66666666666669 0.00032647324253360591 0.31263687614134456 3250.0000000000005
decision_type=2 2 2 2 2 2 2 2 2 2 2 2 2 2 2 2 2 2 2 2 2 2 2 2 2 2 2 2 2 2 2
left_child=5 6 4 8 16 23 7 -2 13 22 -8 28 19 -4 27 -16 -3 -10 -18 21 -21 -13 -5 25 -25 -1 -14 -12 29 -7 -26
right_child=1 2 3 9 -6 11 10 -9 17 -11 14 12 26 -15 15 -17 18 -19 -20 20 -22 -23 -24 24 30 -27 -28 -29 -30 -31 -32
leaf_value=-0.0079353432001962512 0.0038847215248796934 0.01206235863951844 0.0057174188721738871 0.017925237292620116 -0.016807295307285943 -0.0066194646847679804 0.01419634098014585 -0.014268575482711316 0.024636011345886846 0.029835917136193598 -0.0089447506604845867 -0.021858569232073726 0.016829450254843125 -0.0084605080513138475 0.01706190011760263 0.00090972257684447894 -0.010325712886635738 0.0092334794386247209 0.0037729703215061655 0.021581948013064706 -0.000788268497029199 -0.0025027279967076497 0.0083542652222885466 -0.016950917219198319 -0.0073464692087130794 0.012183917856704269 0.0013391717073079805 -0.00039263468361851742 0.012114783027026932 0.0089358916608520411 -0.0036612239238649237
leaf_weight=49.041270181536674 57.563019022345543 98.821823433041573 461.76190066337585 198.38879029452801 52.972453564405441 51.479371935129166 54.370682388544083 114.13284438848495 48.968435809016228 47.933143883943558 131.03036692738533 59.575215831398964 50.468556582927704 50.410115197300911 58.225061684846878 278.83297938108444 49.661459624767303 118.50073003768921 235.90296706557274 50.759155437350273 739.81714887917042 1507.0386491715908 144.15167844295502 106.50522969663143 569.83351092040539 54.980086252093315 56.966262012720108 247.57778860628605 83.777016296982765 50.575059875845909 1001.3633090406656
leaf_count=204 241 399 1862 829 215 209 220 471 203 206 529 242 202 205 234 1122 202 510 957 205 2993 6107 599 442 2377 228 228 998 336 205 4112
internal_value=-0.000168352 0.0043804 0.00755151 0.0100033 0.00155242 -0.00268198 -0.000695721 -0.00818247 0.00664196 0.015854 0.000973608 -0.00094696 -0.00147527 0.00432197 -3.09512e-05 0.00369993 0.00408258 0.0137372 0.00132112 -0.0019352 0.000648017 -0.00323879 0.0138975 -0.00526295 -0.00575659 0.00269861 0.00861588 -0.00335239 0.00605983 0.00108929 -0.00499777
internal_weight=6881.39 2449.21 1507.47 1070.11 437.359 4432.18 941.733 171.696 679.641 390.474 770.037 2650.46 2464.62 512.172 715.666 337.058 384.386 167.469 285.564 2357.19 790.576 1566.61 342.54 1781.72 1677.7 104.021 107.435 378.608 185.831 102.054 1571.2
internal_count=28092 10002 6187 4414 1773 18090 3815 712 2780 1634 3103 10727 9977 2067 2883 1356 1558 713 1159 9547 3198 6349 1428 7363 6931 432 430 1527 750 414 6489
is_linear=0
shrinkage=0.05


Tree=26
num_leaves=32
num_cat=0
split_feature=3 1 3 1 3 1 3 3 3 4 3 4 1 3 3 3 3 1 1 4 4 4 4 4 4 4 1 3 3 3 4
split_gain=28.425 14.2547 8.03216 7.65399 7.33008 7.17669 4.25518 4.56765 4.25105 3.92391 3.68657 3.65316 6.1314 5.53765 3.9102 3.20181 4.5335 3.12398 4.23558 3.09949 3.58255 2.78255 2.53134 5.17218 3.78308 2.501 1.78728 5.23652 3.02333 1.35605 0.956319
threshold=0.014779042797567471 1083.3333333333337 0.022203946264665621 3916.6666666666674 0.021277073665074694 10416.66666666667 0.029238427465568092 0.021277073665074694 0.066591169161765607 1.7110820398162241 0.032948851567578437 0.44233537541247686 38583.333333333336 -0.00082481789602232376 0.010157496281119512 0.063402702170335848 0.065532227072892371 104083.33333333336 77916.666666666672 1.3621679972651257 0.54208352391741665 0.96083255312699356 0.32388327538585265 0.42974970541607022 0.2141248962558602 0.54208352391741665 3250.0000000000005 0.0078929256278517275 0.0055810174763959467 0.043358156653060406 0.91505859558605673
decision_type=2 2 2 2 2 2 2 2 2 2 2 2 2 2 2 2 2 2 2 2 2 2 2 2 2 2 2 2 2 2 2
left_child=5 6 4 8 19 22 7 -2 29 21 -8 12 13 -7 17 25 -17 18 -13 20 -3 -5 24 -24 -1 -12 27 -25 -28 -4 -19
right_child=1 2 3 9 -6 11 10 -9 -10 -11 15 14 -14 -15 -16 16 -18 30 -20 -21 -22 -23 23 26 -26 -27 28 -29 -30 -31 -32
leaf_value=-0.0075502134016730187 0.0036874600130739283 0.012126264847805365 0.0030538303386132247 0.017084384927403946 -0.015954946811726916 -0.0099503548507545274 0.013466811606415866 -0.013590335789186336 0.01663171361357196 0.028560818599886108 0.0056785312082961647 -0.0020109249715499445 0.015938485623796031 0.0077263878919367202 0.0079007112050059839 0.01620059868622337 0.00086422228244426068 -0.004561475409722222 0.0082239038317515455 0.012768047797759044 -0.0011702098106485305 0.0079468803829865469 -0.016154855069397657 -0.0037260876539588206 0.011549415761585691 -0.0050493159753185728 -0.0052632072067474063 -0.014039493238034138 0.00075517759944332787 0.008080680731060939 -0.013491493232118608
leaf_weight=48.967607423663139 57.609023451805115 64.056717127561569 386.71230258047581 197.7616836130619 53.011190101504326 83.016546189785004 54.448201104998589 113.84483541548252 87.044411361217499 47.578650504350662 65.750182792544365 2054.4402583539486 83.009334847331047 95.015673294663429 105.43104736506939 58.253765225410461 278.8375381231308 52.034517660737038 106.31728041172028 78.123425349593163 242.21604910492897 143.96909272670746 106.17442843317986 388.94559307396412 55.097444280982018 312.74872414767742 704.30161198973656 180.05341142416 296.52896149456501 205.42833271622658 70.736119374632835
leaf_count=204 241 259 1555 829 215 339 220 471 382 206 265 8322 334 382 422 234 1122 211 430 318 981 599 442 1621 228 1262 2911 756 1201 843 287
internal_value=-0.000160019 0.00416472 0.00718194 0.00951833 0.00147464 -0.00254922 -0.000661284 -0.00778494 0.00631441 0.0151078 0.000924843 -0.000899836 0.00471621 -0.000516289 -0.0015135 -2.94571e-05 0.00351455 -0.00194816 -0.00150733 0.00387831 0.00161074 0.0132348 -0.00500467 -0.0054745 0.00256212 -0.00318575 -0.00475214 -0.00698965 -0.00348006 0.00479777 -0.00970664
internal_weight=6877.46 2447.39 1505.9 1068.49 437.407 4430.07 941.492 171.454 679.185 389.309 770.038 2650 261.042 178.032 2388.96 715.59 337.091 2283.53 2160.76 384.396 306.273 341.731 1780.07 1676 104.065 378.499 1569.83 568.999 1000.83 592.141 122.771
internal_count=28092 10002 6187 4414 1773 18090 3815 712 2780 1634 3103 10727 1055 721 9672 2883 1356 9250 8752 1558 1240 1428 7363 6931 432 1527 6489 2377 4112 2398 498
is_linear=0
shrinkage=0.05


Tree=27
num_leaves=32
num_cat=0
split_feature=3 1 3 1 3 1 3 3 3 4 4 4 3 4 1 3 3 4 4 1 3 3 4 4 4 4 1 1 3 3 4
split_gain=25.6742 12.8873 7.27584 6.95604 6.61247 6.48839 3.87067 3.84602 4.1362 3.60402 3.44902 3.61387 3.67183 3.29688 5.52571 5.00099 3.52949 3.1132 7.52225 3.52712 3.04988 2.92831 2.53105 2.28784 4.69235 3.41049 1.80164 2.23046 1.22746 0.939481 0.690248
threshold=0.014779042797567471 1083.3333333333337 0.022203946264665621 3916.6666666666674 0.021277073665074694 10416.66666666667 0.066591169161765607 0.029238427465568092 0.021277073665074694 1.7110820398162241 0.42436035714893022 0.54208352391741665 0.063402702170335848 0.44233537541247686 38583.333333333336 -0.00082481789602232376 0.010157496281119512 0.99197990465993746 1.0880059073419517 38250.000000000007 0.016337698597322012 0.017210536317724488 0.96083255312699356 0.32388327538585265 0.42974970541607022 0.2141248962558602 9916.6666666666697 3250.0000000000005 0.043358156653060406 0.0010716076706536485 0.76730936358195045
decision_type=2 2 2 2 2 2 2 2 2 2 2 2 2 2 2 2 2 2 2 2 2 2 2 2 2 2 2 2 2 2 2
left_child=5 7 4 6 20 23 28 8 -2 22 -9 -12 -13 14 15 -7 17 19 -19 -15 -3 -22 -5 25 29 -1 27 -26 -4 -25 -10
right_child=1 2 3 9 -6 13 -8 10 30 -11 11 12 -14 16 -16 -17 -18 18 -20 -21 21 -23 -24 24 26 -27 -28 -29 -30 -31 -32
leaf_value=-0.007183443744074364 0.0035003854374437721 0.011254094317284071 0.0029010405380432338 0.016282830166410085 -0.015148356464928008 -0.009465518419063167 0.015874496791531502 -0.010155446970637524 -0.017458328858016695 0.027341966262025997 0.011791397773538739 -0.0027221930646585605 0.0050308966974947807 -0.0053559765261540597 0.015125575518214191 0.0073372468318012229 0.0075064694733306195 0.009546749724490251 -0.0017657729383322588 0.00031088790975013393 -0.0099742557420120104 0.0033866010577757915 0.0075591185965954051 -0.019708626211654329 -0.0066503098674003851 0.010949943106300328 -0.012931136304853 -0.0026813796253402642 0.0076852992074672721 -0.010250740435939952 -0.0095779150006250723
leaf_weight=48.896257951855659 57.652342528104782 98.847362473607063 386.72505858540535 197.13829220831394 53.041314855217934 82.908160150051117 86.646995157003403 64.857750833034515 48.506368488073349 47.223835542798042 81.552595585584641 356.49776661396027 267.14998432993889 848.78838522732258 83.094770044088364 95.051265463232994 105.42017297446728 177.63222722709179 850.74535912275314 405.88944774866104 49.638943687081337 235.91163782775402 143.7912565022707 57.58118200302124 568.16415300965309 55.20529069006443 61.165803745388985 939.04873266816139 205.2029452174902 48.265434473752975 65.054440304636955
leaf_count=204 241 399 1555 829 215 339 382 261 201 206 328 1439 1075 3449 334 382 422 718 3441 1642 202 957 599 242 2377 228 249 3863 843 200 270
internal_value=-0.000152111 0.0039599 0.00683122 0.00905809 0.00140083 -0.00242311 0.00600439 -0.000628525 -0.00740668 0.0143966 0.000878515 0.00189332 0.000598973 -0.000855051 0.00447992 -0.000490865 -0.00143815 -0.00185117 0.000188245 -0.00352274 0.00368437 0.001064 0.0126035 -0.00475937 -0.00520656 0.00243273 -0.00451891 -0.00417752 0.00455959 -0.0153959 -0.012944
internal_weight=6873.3 2445.44 1504.17 1066.73 437.439 4427.86 678.575 941.271 171.213 388.153 770.058 705.2 623.648 2649.53 261.054 177.959 2388.48 2283.06 1028.38 1254.68 384.398 285.551 340.93 1778.33 1674.23 104.102 1568.38 1507.21 591.928 105.847 113.561
internal_count=28092 10002 6187 4414 1773 18090 2780 3815 712 1634 3103 2842 2514 10727 1055 721 9672 9250 4159 5091 1558 1159 1428 7363 6931 432 6489 6240 2398 442 471
is_linear=0
shrinkage=0.05


Tree=28
num_leaves=32
num_cat=0
split_feature=3 1 3 1 3 1 4 4 3 4 4 4 4 3 4 4 4 4 3 3 1 4 4 3 1 4 4 4 3 4 1
split_gain=23.1893 11.655 7.74682 5.86469 4.33933 5.72599 4.64665 4.40827 4.22344 3.97168 3.80511 3.20058 2.98553 3.39145 2.64933 2.61977 4.57167 3.00228 2.59102 3.43053 2.53595 7.85986 7.80653 2.31739 2.24089 2.06741 4.2584 3.07495 1.66885 2.29592 1.62957
threshold=0.014779042797567471 3250.0000000000005 0.022203946264665621 10416.66666666667 0.056404018168972163 1083.3333333333337 0.36470763167279147 0.88425364297776199 0.016873170914090768 0.52856384382850741 0.51464890573429145 0.91505859558605673 0.39580687231468925 0.010157496281119512 1.0746143584776415 1.242286869740066 0.96083255312699356 0.69823800051631135 0.063918337567908087 0.070259516594200641 38250.000000000007 0.48579701487627652 0.45373234569149629 0.011951803124730558 7083.3333333333348 0.32388327538585265 0.42974970541607022 0.2141248962558602 0.00032647324253360591 0.31263687614134456 9916.6666666666697
decision_type=2 2 2 2 2 2 2 2 2 2 2 2 2 2 2 2 2 2 2 2 2 2 2 2 2 2 2 2 2 2 2
left_child=3 4 8 25 6 10 -2 9 -3 -8 -6 24 28 20 -9 16 17 -4 -7 -20 22 -22 -14 -15 -10 27 -27 -1 29 -5 -28
right_child=1 2 15 12 5 18 7 14 11 -11 -12 -13 13 23 -16 -17 -18 -19 19 -21 21 -23 -24 -25 -26 26 30 -29 -30 -31 -32
leaf_value=-0.0068341713687549146 0.014179705541017771 0.011511240568332772 0.0084156633658474238 -0.006437692743597602 -0.008678504836184946 0.022651686797348115 0.0032587724038052567 0.0071841461952272803 -0.001889950103727789 -0.0068960930697339572 0.0040644228213175823 -0.0070639561107955183 -0.020619284634943533 0.01521817099979219 -0.00035748833756983796 0.018788844562231004 0.00098702132377906978 0.019687168656357366 -0.00072481271907363703 0.016995960513219537 0.019640730901463632 -0.0006694894947822667 -0.0021345003800869659 0.0005024093495404749 0.01277976076045235 -0.014674021762223658 -0.0039718011287915604 0.010383299822079146 0.010523639786569981 0.0085647891005759588 -0.012302821001858179
leaf_weight=48.827239453792572 52.044327884912491 94.950414657592773 115.45454227924347 51.421832039952278 70.985546723008156 48.633283704519272 127.62169167399406 171.57873719930649 54.339967206120491 392.15819412469864 335.28775405883789 110.85744376480579 59.36941185593605 50.455189034342766 362.44628602266312 135.43616695702076 90.84937983751297 120.98758833110332 50.868269145488739 58.973418816924095 50.914083674550056 739.61348304152489 1505.8490633964539 56.949956268072128 49.973038256168365 105.51073625683784 1506.0541786700487 55.304457738995552 83.85575108230114 50.592217266559601 61.077413976192474
leaf_count=204 211 382 483 209 285 202 517 697 218 1594 1349 449 242 202 1473 576 377 510 210 267 205 2993 6107 228 202 442 6240 228 336 205 249
internal_value=-0.000144583 0.00376521 0.00884227 -0.00230315 0.00141647 0.00498234 -0.000404594 -0.00112487 0.00272748 -0.00440277 0.00183793 -0.00114862 -0.000812517 -0.00127362 0.00206559 0.0129404 0.0105203 0.0141833 0.0130435 0.00878938 -0.00166977 0.000638594 -0.00283564 0.00741536 0.00513784 -0.00452556 -0.00495111 0.00231005 0.00529802 0.00100255 -0.00429649
internal_weight=6869.24 2443.45 772.849 4425.8 1670.6 564.748 1105.85 1053.8 310.121 519.78 406.273 215.17 2649.02 2463.15 534.025 462.728 327.292 236.442 158.475 109.842 2355.75 790.528 1565.22 107.405 104.313 1776.77 1672.64 104.132 185.87 102.014 1567.13
internal_count=28092 10002 3197 18090 6805 2313 4492 4281 1251 2111 1634 869 10727 9977 2170 1946 1370 993 679 477 9547 3198 6349 430 420 7363 6931 432 750 414 6489
is_linear=0
shrinkage=0.05


Tree=29
num_leaves=32
num_cat=0
split_feature=3 1 3 3 1 1 3 3 3 4 1 4 3 1 3 3 3 3 4 1 3 4 3 3 3 3 3 4 1 4 3
split_gain=20.9441 10.8294 6.12247 5.85669 5.67374 5.45235 6.19797 5.03902 4.22347 6.11609 6.93468 4.79343 4.19739 6.2199 4.09782 15.0305 7.61521 4.0952 4.0127 4.84226 4.37503 4.37577 3.66125 3.43685 3.73124 3.42667 3.27001 3.19366 3.02283 4.06365 3.71539
threshold=0.014779042797567471 1083.3333333333337 0.022203946264665621 0.021277073665074694 3916.6666666666674 5750.0000000000009 0.009373117496700686 0.010876924234679107 -0.00018429923375198965 0.96596910121200152 68416.666666666672 0.39580687231468925 0.011951803124730558 2083.3333333333335 0.0057267143615375897 0.003083091612972566 0.0011737152634468812 0.0065317148156166524 0.57149486242222236 50583.333333333336 0.00032647324253360591 0.62350125897588271 0.0074485631771657743 0.029238427465568092 0.021277073665074694 0.032948851567578437 0.066591169161765607 1.7110820398162241 50083.333333333336 2.3558252425121533 -0.0028168102082237975
decision_type=2 2 2 2 2 2 2 2 2 2 2 2 2 2 2 2 2 2 2 2 2 2 2 2 2 2 2 2 2 2 2
left_child=5 23 3 -3 26 6 14 -8 9 10 11 -7 -9 -14 15 16 -1 -16 19 22 -20 -22 -10 24 -2 -25 -4 -6 29 -11 -30
right_child=1 2 4 -5 27 8 7 12 18 28 -12 -13 13 -15 17 -17 -18 -19 20 -21 21 -23 -24 25 -26 -27 -28 -29 30 -31 -32
leaf_value=-0.0039149443816393409 0.0033116421661534413 0.0033870836927444854 0.0041837528690924766 -0.01433428624526115 0.011417759031567498 0.002707987956822552 -0.02620952644585077 0.0037181592597153551 -0.00020798196050447455 0.0037467894505336463 0.0080153346221368826 -0.0084483784255487675 -0.024586710368158231 -0.0013821695138120627 0.015757650545446724 -0.022108876398546775 0.014251412784464956 -0.0012748278247328413 0.0089364403539887657 0.019619075724793045 -0.012703649306445661 -0.00070813792242799874 0.01298734651112647 0.012883601271066806 -0.012310083933084803 -0.0001220654805762999 0.014622757001574633 0.02537443506493698 0.0016678564498507648 -0.0097220371128803589 -0.014414842598131415
leaf_weight=536.50796835124493 57.693293869495392 384.35118870437145 591.38608802855015 53.058926910161972 339.33247309923172 110.70630769431591 52.91059498488903 49.4285589158535 221.51825320720673 493.10295841097832 84.612640842795372 738.90253789722919 61.458829388022423 54.476411044597626 48.886923283338547 109.4227872043848 64.638370916247368 126.89167223870754 109.32823629677296 51.064709544181824 81.394594013690948 1152.4255363196135 68.92571821808815 54.504321306943893 113.26812601089478 715.48563316464424 85.917740881443024 46.620070621371269 76.234665006399155 63.175914749503136 67.892055407166481
leaf_count=2246 241 1558 2398 215 1428 453 222 207 894 2005 343 3038 261 226 203 457 269 527 444 205 328 4645 276 220 471 2883 382 206 309 256 276
internal_value=-0.000137385 0.00357992 0.00621671 0.00123744 0.00826512 -0.00218902 -0.00523183 -0.0127791 -0.00117641 -0.00298704 -0.00563521 -0.00699467 -0.0084818 -0.0136832 -0.00337322 -0.00506415 -0.0019616 0.00346219 0.000580447 0.00541987 -0.000650024 -0.00149948 0.00292342 -0.00062533 -0.00703832 0.00079855 0.00550797 0.0131036 0.000545183 0.00221715 -0.00590803
internal_weight=6865.52 2441.62 1500.67 437.41 1063.26 4423.91 1104.62 218.274 3319.28 1634.63 934.221 849.609 165.364 115.935 886.348 710.569 601.146 175.779 1684.66 341.509 1343.15 1233.82 290.444 940.951 170.961 769.99 677.304 385.953 700.406 556.279 144.127
internal_count=28092 10002 6187 1773 4414 18090 4618 916 13472 6680 3834 3491 694 487 3702 2972 2515 730 6792 1375 5417 4973 1170 3815 712 3103 2780 1634 2846 2261 585
is_linear=0
shrinkage=0.05


Tree=30
num_leaves=28
num_cat=0
split_feature=3 1 3 3 3 3 1 3 3 3 4 4 4 3 4 4 4 1 1 4 3 3 3 3 3 1 1
split_gain=18.5026 8.2676 8.68779 7.7929 6.66641 5.65596 4.86272 4.83415 4.8176 4.81604 4.26982 6.0812 3.66089 3.35405 2.89792 3.31528 5.91381 3.81785 2.06825 3.36446 2.30066 5.26511 3.16302 1.90303 0.923843 0.836774 0.134064
threshold=0.017552136961179906 1416.6666666666667 0.043358156653060406 0.039608951256129628 0.016337698597322012 0.047611026380430528 2583.3333333333335 0.056404018168972163 0.035345302280308924 0.014497664423413126 0.69823800051631135 0.60120522154423328 0.87946702772245555 0.074375793676680388 0.1731165853189823 1.0181582713394055 1.0746143584776415 2916.6666666666674 250.00000000000003 1.0944884415841183 0.058655175910864853 0.065532227072892371 0.024836579451171337 0.050800363205472106 0.015358351925061972 750.00000000000011 3916.6666666666674
decision_type=2 2 2 2 2 2 2 2 2 2 2 2 2 2 2 2 2 2 2 2 2 2 2 2 2 2 2
left_child=4 10 3 8 9 -4 7 -7 12 14 11 13 -3 25 -1 17 -17 -16 19 -12 22 -22 -20 -13 -11 -2 -8
right_child=1 2 5 -5 -6 6 26 -9 -10 24 18 23 -14 -15 15 16 -18 -19 20 -21 21 -23 -24 -25 -26 -27 -28
leaf_value=0.0080656773749135345 8.0633582869918264e-05 0.0081618149623214949 0.030322389371083638 -0.012269588329492799 -0.01626555582586265 -0.0076017098826145092 0.018366514218732786 0.012509034021177229 0.01646326687300095 0.0043931903567223799 0.0052464293516823017 -0.019645338991880239 0.00098278268765108405 0.012219410095641208 -0.0079942765879041297 0.0085258879086255058 -0.0013267581946735296 -0.0024229004712973579 0.011205104908140938 -0.012709604574464659 0.020615212072817621 0.0033297054740541523 -0.0004925554280554009 -0.006801682506648532 0.012906222744364962 -0.006229497943233517 0.022274709386952869
leaf_weight=71.68177817761898 150.31123766303062 325.27763919532299 47.175956457853317 65.853651016950607 79.055853277444839 47.795404061675072 45.325795754790306 79.72620065510273 90.875038623809814 81.416955471038818 53.10550120472908 57.761465847492218 391.08942638337612 49.477553099393845 355.23598583042622 169.57702715694904 1494.9150805324316 2287.8761177808046 71.090567946434021 51.27717037498951 60.956908032298088 158.86887367069721 308.85005258023739 57.6020128428936 52.367213949561119 80.768388226628304 42.535572648048401
leaf_count=295 609 1324 206 270 323 193 202 346 372 331 215 236 1595 200 1498 692 6087 9343 295 208 246 643 1250 232 212 327 203
internal_value=-5.55381e-05 0.00367475 0.00666727 0.00426908 -0.00187167 0.0146421 0.0112075 0.00497148 0.00561828 -0.00161953 0.000585422 -0.00356883 0.00424253 0.000404766 -0.00190501 -0.00207093 -0.000322979 -0.0031717 0.00292123 -0.00357433 0.00405171 0.00812292 0.00169619 -0.0132324 0.00772545 -0.00212492 0.0202586
internal_weight=6827.85 2235.72 1135.65 873.096 4592.13 262.559 215.383 127.522 807.242 4513.07 1100.07 395.921 716.367 280.557 4379.29 4307.6 1664.49 2643.11 704.149 104.383 599.766 219.826 379.941 115.363 133.784 231.08 87.8614
internal_count=27953 9172 4711 3561 18781 1150 944 539 3291 18458 4461 1604 2919 1136 17915 17620 6779 10841 2857 423 2434 889 1545 468 543 936 405
is_linear=0
shrinkage=0.05


Tree=31
num_leaves=31
num_cat=0
split_feature=3 1 3 3 3 3 1 4 4 1 3 3 4 1 3 4 1 1 1 1 3 3 3 1 1 3 1 4 3 1
split_gain=16.7112 7.48029 7.9181 7.03332 6.0254 5.17621 4.44831 4.42561 5.09984 4.8076 4.37505 4.34642 3.99191 3.65531 3.28054 2.72642 3.05881 9.85867 3.428 2.86962 2.30382 4.59328 1.63074 1.62001 3.80671 1.45296 1.40723 1.36426 0.833788 0.126203
threshold=0.017552136961179906 1416.6666666666667 0.043358156653060406 0.039608951256129628 0.016337698597322012 0.047611026380430528 2583.3333333333335 0.87946702772245555 1.302834515416565 9916.6666666666697 0.056404018168972163 0.014497664423413126 0.91901682489020864 250.00000000000003 0.067635830357238386 2.0678993474269833 21416.666666666668 24416.666666666668 16250.000000000002 19750.000000000004 0.052215784509170013 0.065532227072892371 0.0029680039429397552 1083.3333333333337 750.00000000000011 0.036239649749611476 40416.666666666679 0.67937766925226994 0.015358351925061972 3916.6666666666674
decision_type=2 2 2 2 2 2 2 2 2 2 2 2 2 2 2 2 2 2 2 2 2 2 2 2 2 2 2 2 2 2
left_child=4 12 3 7 11 -4 10 9 -9 -3 -7 15 14 -14 23 16 18 -18 -1 22 25 -22 -17 24 -2 -15 -21 -16 -13 -8
right_child=1 2 5 -5 -6 6 29 8 -10 -11 -12 28 13 20 27 19 17 -19 -20 26 21 -23 -24 -25 -26 -27 -28 -29 -30 -31
leaf_value=-0.0024715422785477502 -0.0024504277706683701 0.0067085684464524 0.029045051146600505 -0.011650538777166293 -0.015471429133516016 -0.0072166251138388871 0.017550418969888095 -0.0027655182228357327 0.0081094686753917407 0.021592105126062619 0.011922868663233251 0.004172480386001781 -0.0064894166216198108 0.0063723720600596546 0.00084231780229297628 0.0028801229294654735 0.010714714639747498 -0.0018272950528267278 -0.0077703723462818263 -0.0088019806933823472 0.019870521033803882 0.0035542316840671581 0.012604167271173378 0.0021983205337692468 -0.013570230429216436 -0.0017673641823433694 0.002300909080322551 0.011003235789562096 0.012259240120678994 0.021356311814589524
leaf_weight=2185.9772529155016 299.37617114186287 301.77111959457397 46.797915726900101 65.884307652711868 78.960459366440773 47.827661320567131 45.068484619259834 248.63508269190788 190.32952487468719 66.150529593229294 79.470194920897484 81.436925455927849 70.014901295304298 114.11838881671429 86.97942216694355 107.27532836794853 176.97248589992523 1366.7069607973099 354.76072919368744 58.137072756886482 72.01062285900116 107.56476613879204 72.088753655552864 87.450854003429413 103.59939734637737 105.51510660350323 56.055328205227852 53.264731243252754 52.374151170253754 42.156379699707031
leaf_count=9040 1216 1221 206 270 323 193 202 1009 783 278 346 331 284 468 351 436 715 5529 1441 235 291 436 292 354 421 425 227 215 212 203
internal_value=-5.27231e-05 0.00349404 0.00634335 0.00405726 -0.00177868 0.0139785 0.0106918 0.00533985 0.00194974 0.00938456 0.00473188 -0.00153904 0.000556136 0.00404831 -0.00204207 -0.00181035 -0.00214487 -0.000389438 -0.00321141 0.00284389 0.00589646 0.0100971 0.00678834 -0.00397047 -0.00530917 0.00246193 -0.00335174 0.00470143 0.00733767 0.0193898
internal_weight=6824.73 2233.99 1134.09 872.771 4590.75 261.321 214.523 806.886 438.965 367.922 127.298 4511.78 1099.89 469.224 630.671 4377.97 4084.42 1543.68 2540.74 293.556 399.209 179.575 179.364 490.426 402.976 219.633 114.192 140.244 133.811 87.2249
internal_count=27953 9172 4711 3561 18781 1150 944 3291 1792 1499 539 18458 4461 1904 2557 17915 16725 6244 10481 1190 1620 727 728 1991 1637 893 462 566 543 405
is_linear=0
shrinkage=0.05


Tree=32
num_leaves=24
num_cat=0
split_feature=3 1 3 3 4 4 3 4 3 4 4 4 3 1 3 4 4 4 4 3 4 1 3
split_gain=15.0945 6.81551 5.44648 5.28424 4.47787 6.85807 4.89931 4.86239 3.92265 3.70215 4.82544 5.42622 6.49625 2.76524 4.32959 2.62075 2.89693 5.39176 3.66338 2.33875 1.2804 0.810528 0.752641
threshold=0.017552136961179906 3250.0000000000005 0.016337698597322012 0.042532264136960353 0.91901682489020864 1.3223043551391855 0.026974346701010603 0.58854662613334463 0.014497664423413126 0.31263687614134456 0.82728499795358101 0.79103465335193979 0.028027603812070496 250.00000000000003 0.043358156653060406 0.1731165853189823 1.0181582713394055 1.0746143584776415 0.99801781625604147 0.022661598273333385 0.91505859558605673 6583.3333333333348 0.015358351925061972
decision_type=2 2 2 2 2 2 2 2 2 2 2 2 2 2 2 2 2 2 2 2 2 2 2
left_child=2 9 8 4 7 6 -6 -3 15 -2 11 12 -11 -12 -15 -1 18 -18 -17 -9 -5 -7 -10
right_child=1 3 -4 20 5 21 -8 19 22 10 13 -13 -14 14 -16 16 17 -19 -20 -21 -22 -23 -24
leaf_value=0.0077579364386698773 0.014649160803673456 0.00093355907937395666 -0.014716941185225055 0.012843554189979303 -0.014082628408793364 0.0054894880074793243 0.0039760886819727856 0.0077600918036617441 0.0039629437195461336 -0.010352278918341645 -0.0049099333533726384 -0.016743656259062916 0.0019814375885325395 0.00069636866492403656 0.0082179775224980166 -0.0026005896708101066 0.0082014657047830893 -0.0012033916537046105 -0.014193850805278841 0.01989616251419915 0.024801893530682521 0.01337012439486626 0.011645660384881183
leaf_weight=71.734795957803726 52.483536422252655 86.104967460036278 78.860655456781387 43.670928984880447 81.400653555989265 58.98549473285675 69.731783121824265 62.304548442363739 81.455197870731354 135.3406240940094 84.52350015938282 56.828527763485909 505.58586943149567 366.83361303806305 399.88017322123051 2570.9499872177839 169.69832082092762 1494.432872697711 69.996596619486809 109.40870226919651 45.923068597912788 73.016380473971367 52.376842334866524
leaf_count=295 213 353 323 200 330 240 286 252 331 554 343 232 2053 1488 1644 10555 692 6087 286 455 219 310 212
internal_value=-5.00228e-05 0.00332264 -0.00169025 0.00772587 0.00586308 0.00152211 -0.00575042 0.0106303 -0.00146251 0.00158896 0.00114645 -0.00193594 -0.000623 0.00367307 0.00461927 -0.00172034 -0.00187828 -0.00024434 -0.00290786 0.0154927 0.018973 0.00984863 0.00696967
internal_weight=6821.53 2232.02 4589.51 630.547 540.953 283.134 151.132 257.818 4510.64 1601.48 1548.99 697.755 640.926 851.237 766.714 4376.81 4305.08 1664.13 2640.95 171.713 89.594 132.002 133.832
internal_count=27953 9172 18781 2645 2226 1166 616 1060 18458 6527 6314 2839 2607 3475 3132 17915 17620 6779 10841 707 419 550 543
is_linear=0
shrinkage=0.05


Tree=33
num_leaves=28
num_cat=0
split_feature=3 1 3 3 3 4 4 3 3 3 4 3 3 3 1 3 3 4 4 1 3 3 1 4 4 4 3
split_gain=13.6328 6.4351 5.25616 8.16068 7.19454 6.65339 5.51334 5.23072 5.52281 4.92349 4.36818 3.62806 3.54026 3.49355 3.15984 2.75656 5.27995 2.44488 2.53007 2.77795 2.33121 3.33956 1.85855 2.39761 1.18846 1.1765 0.679491
threshold=0.017552136961179906 1083.3333333333337 0.043358156653060406 0.039608951256129628 0.046962020642482519 2.0286651579149915 0.41024245765282047 0.056404018168972163 0.051218051935596025 0.016337698597322012 0.88845840138642995 0.063402702170335848 0.014497664423413126 0.074375793676680388 250.00000000000003 0.052215784509170013 0.065532227072892371 2.1150135185876366 0.1731165853189823 3250.0000000000005 0.0029680039429397552 -0.0017868923771473001 750.00000000000011 0.79103465335193979 1.0810751479503613 0.62350125897588271 0.015358351925061972
decision_type=2 2 2 2 2 2 2 2 2 2 2 2 2 2 2 2 2 2 2 2 2 2 2 2 2 2 2
left_child=9 10 3 5 -4 6 -3 8 -6 12 13 -9 17 22 -12 24 -17 18 -1 -20 21 -19 23 -2 -16 -24 -14
right_child=1 2 4 -5 7 -7 -8 11 -10 -11 14 -13 26 -15 15 16 -18 20 19 -21 -22 -23 25 -25 -26 -27 -28
leaf_value=0.0073624731534200323 -0.0012631067057828134 0.019890565470570696 0.027787925663406973 -0.012213003440441832 0.010160543721511355 0.022083621419502448 0.0027477396400857213 0.023602526438829773 -0.012073881571045733 -0.013999872228224014 -0.0055485121733075508 0.0082348627595473494 0.0037640032481356203 0.0056482544239995908 0.0071757737545938482 0.021537087612515354 0.003175695529106755 0.0050879173421830492 -0.0053099402457828897 -0.0015682536987541469 0.0093316448835019557 -0.0088306142048476845 -0.016497401876160618 -0.012968186106222438 -0.0014754891854019184 -0.0056662204216730476 0.011063582863080935
leaf_weight=71.806617766618729 259.71783389151096 49.877956926822662 52.263990715146065 76.003123342990875 56.332722455263138 52.726229071617126 786.06037630140781 55.04186587035656 55.389383852481842 78.757554203271866 74.86175973713398 127.07025088369846 81.471926778554916 91.799788400530815 60.194370970129967 65.007170662283897 98.441983327269554 109.58514374494553 579.35103723406792 3450.2379605472088 93.755838066339493 71.03095930814743 49.926223441958427 52.611408159136772 116.58446350693703 50.361770436167717 52.375880688428879
leaf_count=295 1054 203 227 311 241 220 3204 238 230 323 304 570 331 369 245 262 397 445 2444 14064 379 288 203 214 475 205 212
internal_value=-4.74803e-05 0.00315926 0.00540874 0.00351225 0.0106948 0.00485715 0.0037706 0.00765445 -0.000862799 -0.00160618 -4.74098e-05 0.0128796 -0.00138973 -0.00317363 0.00375157 0.0057979 0.0104784 -0.00163475 -0.00194044 -0.00210621 0.00293474 -0.000385829 -0.00513633 -0.00323481 0.00147032 -0.0110583 0.0066204
internal_weight=6818.65 2230.27 1310.77 964.668 346.098 888.665 835.938 293.834 111.722 4588.37 919.507 182.112 4509.62 504.417 415.09 340.228 163.449 4375.77 4101.4 4029.59 274.372 180.616 412.617 312.329 176.779 100.288 133.848
internal_count=27953 9172 5444 3938 1506 3627 3407 1279 471 18781 3728 808 18458 2045 1683 1379 659 17915 16803 16508 1112 733 1676 1268 720 408 543
is_linear=0
shrinkage=0.05


Tree=34
num_leaves=26
num_cat=0
split_feature=3 1 3 3 4 4 3 3 4 4 3 3 4 1 1 4 3 3 3 3 3 1 3 3 3
split_gain=12.3125 5.99929 5.74022 4.45086 3.24123 6.55654 3.25741 3.19527 2.48591 4.98595 4.5164 6.17874 3.7787 2.44936 5.09944 3.44739 3.02408 2.40997 2.78152 5.73023 1.92133 1.17101 0.89273 0.798194 0.613527
threshold=0.017552136961179906 1583.3333333333337 0.067635830357238386 0.016337698597322012 0.70658391175762092 0.60120522154423328 0.074375793676680388 0.014497664423413126 0.55938897309079616 0.403255697343813 0.043358156653060406 0.051218051935596025 2.0286651579149915 104083.33333333336 83916.666666666672 2.0678993474269833 0.00048784194451371613 0.02300488354960491 0.044065434733129204 0.047611026380430528 0.036701135647897738 1083.3333333333337 0.028495414205501817 0.056404018168972163 0.015358351925061972
decision_type=2 2 2 2 2 2 2 2 2 2 2 2 2 2 2 2 2 2 2 2 2 2 2 2 2
left_child=3 4 8 7 5 6 21 13 9 -3 12 -12 -10 14 15 -1 -15 -6 20 -20 -19 -2 -11 -7 -9
right_child=1 2 -4 -5 17 23 -8 24 10 22 11 -13 -14 16 -16 -17 -18 18 19 -21 -22 -23 -24 -25 -26
leaf_value=-0.001961286374634949 -0.0029671143769399661 0.011802450281329863 0.021690013121998367 -0.013318169584067632 0.013205593760703335 -0.015297820834583914 0.012738506181295831 0.0035751124744831907 0.0032671392474792147 -0.012116594647714541 0.025146072856638203 0.0044228616280735083 0.017410463257642436 -0.0021301309196802508 0.011189998991823616 0.0038373541582081509 -0.017133733571752362 0.00031769483335214379 0.018896601386784825 0.0019548082491203603 -0.0094810837689767846 0.0054713791297841341 -0.0027601800640836287 -0.0073482736944826266 0.010511243140454103
leaf_weight=3879.7939537018538 193.21151795983315 50.889593109488487 53.549388229846954 78.6521265655756 49.425111532211304 80.310211628675461 50.798744380474091 81.487250208854675 652.61453913152218 50.130619168281555 66.810475513339043 77.916968926787376 50.909849211573601 85.187592506408691 79.699579060077667 274.44897027313709 55.442695140838623 170.11903336644173 57.069686502218246 397.8715755790472 70.865490198135376 52.22458104789257 51.875980630517006 52.03612707555294 52.371792182326317
leaf_count=15910 784 210 260 323 205 328 206 331 2666 203 299 337 214 347 322 1112 224 695 229 1613 287 211 215 210 212
internal_value=-4.50623e-05 0.00300379 0.00574069 -0.00152635 0.000544879 -0.00291984 0.00121377 -0.00132063 0.0048876 -0.000980911 0.00594538 0.0139893 0.00429061 -0.00155348 -0.00133785 -0.0015782 -0.00804522 0.00253711 0.00177943 0.00408006 -0.0025638 -0.00117155 -0.00735834 -0.0121722 0.00628884
internal_weight=6815.71 2228.63 1054.7 4587.08 1173.93 428.581 296.235 4508.43 1001.15 152.896 848.252 144.727 703.524 4374.57 4233.94 4154.24 140.63 745.351 695.926 454.941 240.985 245.436 102.007 132.346 133.859
internal_count=27953 9172 4404 18781 4768 1739 1201 18458 4144 628 3516 636 2880 17915 17344 17022 571 3029 2824 1842 982 995 418 538 543
is_linear=0
shrinkage=0.05


Tree=35
num_leaves=32
num_cat=0
split_feature=3 1 1 3 1 1 4 3 4 1 4 4 4 3 1 3 3 3 1 3 3 4 3 3 4 4 4 4 4 4 3
split_gain=9.23052 9.88576 7.481 5.04242 4.88851 11.1978 4.05821 4.0362 3.7619 4.61134 3.30158 3.57574 4.3808 3.22278 3.21711 2.94281 2.90134 7.45906 2.77925 2.70663 2.56738 2.53674 2.38006 2.28264 2.20569 5.9049 1.93529 2.46001 1.92223 1.85278 1.93675
threshold=0.025206958180003219 3250.0000000000005 6416.666666666667 0.008508458052985687 21416.666666666668 24416.666666666668 1.6411141498390009 0.10577109307941887 0.58438115131595147 16916.666666666668 1.2191801618407283 0.32388327538585265 0.56357528318983652 0.0033367387252265534 416.66666666666669 0.006323321529363336 -0.010330350994361021 -0.00071264728575282695 2083.3333333333335 0.074375793676680388 0.0067134768623633876 0.71890766877858348 0.065532227072892371 -0.00061487112631730505 1.0810751479503613 0.90182697226089437 0.87513100825535395 0.65179435008076392 1.1131515633639861 1.3521503371791297 0.020724182742921027
decision_type=2 2 2 2 2 2 2 2 2 2 2 2 2 2 2 2 2 2 2 2 2 2 2 2 2 2 2 2 2 2 2
left_child=2 7 10 4 8 21 29 14 9 -4 11 13 18 -1 26 -7 -12 -18 -13 22 -10 -6 -16 -14 25 -3 27 -2 -28 30 -5
right_child=1 24 3 6 5 15 -8 -9 20 -11 16 12 23 -15 19 -17 17 -19 -20 -21 -22 -23 -24 -25 -26 -27 28 -29 -30 -31 -32
leaf_value=-0.005395017868583909 -0.0027239749005995239 0.011899555550562164 -0.0047575608030297895 0.0038418379473027574 0.021902910559516191 -0.00080410774284138213 -0.0067805423357970226 0.014623533781493224 -0.00086519978450288213 -0.020181450939411663 -0.010483048472259206 -0.0052984670980236971 -0.00025302211846068244 0.012704898394729984 0.0019875596094599693 0.010832121532105686 0.01509545228315913 -0.0022304967030111894 -0.015525361511872032 0.0098005909085139772 -0.010927883594308756 0.0089727002010822707 -0.0056727204596093428 -0.0059445476250285269 0.015043240401956558 -0.0065571339430531925 0.0078747515874753732 -0.01495247821706195 -0.0043559752144619011 0.015344328665390487 0.014076916682872571
leaf_weight=48.142904341220856 104.6945019364357 168.01844750344753 233.57791301608086 351.39225222170353 55.12613046169281 1363.0028556138277 67.995598673820496 52.244161367416382 945.70699475705624 61.145058184862137 59.583290159702301 109.05536803603172 246.35188834369183 50.276679039001465 769.05940549075603 56.590610966086388 78.548750892281532 297.00248540937901 169.9742070287466 96.379483312368393 67.941083922982216 121.61240750551224 116.80043090879917 618.33344756066799 144.65443278849125 58.397693276405334 53.101163312792778 67.736111640930176 81.322883903980255 50.511388003826141 53.220291718840599
leaf_count=201 423 721 961 1410 223 5523 278 214 3866 250 249 458 1037 207 3121 227 322 1220 709 414 273 491 481 2568 630 248 214 274 329 205 223
internal_value=-0.000179141 0.0029975 -0.00124469 9.41883e-05 -0.000719635 0.00113736 0.00461307 0.000999342 -0.00298534 -0.0079575 -0.00398094 -0.00529391 -0.00608087 0.00385115 0.000447183 -0.000340242 -0.000232913 0.00139333 -0.0115283 0.00184329 -0.00153966 0.0130057 0.000977553 -0.00432301 0.0102204 0.00713917 -0.00402174 -0.00752771 0.000475495 0.00631528 0.0051881
internal_weight=6817.5 1712.41 5105.09 3427.82 2904.7 1596.33 523.12 1341.34 1308.37 294.723 1677.27 1242.13 1143.71 98.4196 1289.09 1419.59 435.135 375.551 279.03 982.239 1013.65 176.739 885.86 864.685 371.071 226.416 306.855 172.431 134.424 455.124 404.613
internal_count=27970 7069 20901 13930 11814 6464 2116 5470 5350 1211 6971 5180 4772 408 5256 5750 1791 1542 1167 4016 4139 714 3602 3605 1599 969 1240 697 543 1838 1633
is_linear=0
shrinkage=0.05


Tree=36
num_leaves=32
num_cat=0
split_feature=3 1 1 3 1 1 4 3 4 1 3 3 3 3 3 4 4 1 4 4 1 3 3 3 3 3 3 1 3 3 3
split_gain=8.33675 8.9542 6.75846 4.55282 4.41343 10.0938 3.66391 3.64622 3.40164 4.18061 3.04736 8.42653 10.0485 8.23167 7.46108 7.30836 6.41603 3.47347 3.49468 3.14347 2.90453 2.65483 2.4488 2.37411 2.31916 2.20132 4.00533 5.18376 2.14726 2.03151 3.58935
threshold=0.025206958180003219 3250.0000000000005 6416.666666666667 0.008508458052985687 21416.666666666668 24416.666666666668 1.6411141498390009 0.10577109307941887 0.58438115131595147 16916.666666666668 -0.00071264728575282695 0.0057267143615375897 0.0078929256278517275 -0.0032567145476723835 -0.0019814060100534982 0.37307239026539735 0.70658391175762092 2416.6666666666674 0.62001149897663044 0.79512871685625452 416.66666666666669 0.006323321529363336 0.074375793676680388 0.0016815737154720208 0.0067134768623633876 0.038310956137640483 0.032354742654205258 6250.0000000000009 0.065532227072892371 0.0047450518367045539 0.0010716076706536485
decision_type=2 2 2 2 2 2 2 2 2 2 2 2 2 2 2 2 2 2 2 2 2 2 2 2 2 2 2 2 2 2 2
left_child=2 7 10 4 8 23 -5 20 9 -4 13 29 16 17 -15 -14 -13 19 -19 -1 -2 -7 28 -6 -10 26 27 -3 -22 30 -12
right_child=1 25 3 6 5 21 -8 -9 24 -11 11 12 15 14 -16 -17 -18 18 -20 -21 22 -23 -24 -25 -26 -27 -28 -29 -30 -31 -32
leaf_value=0.010020946457809951 -0.0038224038660066373 0.021897228954793679 -0.0045229961896792311 0.0060026962590500159 0.0083990956040535612 -0.00076396907499111106 -0.0064391002393233837 0.01390462755646452 -0.0008220385653320046 -0.019225748458409034 -0.020016059936932323 -0.0019843697936509585 0.013845384206259996 0.026113288550507308 -0.00098768543095222993 -0.0060615994501691806 0.02261328933814763 -0.015730221815961301 -0.003254459979347436 -0.0043475739231264472 0.0018882074300677707 0.010286033460888418 0.0093276652114920085 0.0208502541724809 -0.010389177455273343 0.015002614044348642 -0.0018930112796204308 0.0035883256990210249 -0.0053860761693185853 -0.021953676624146386 -0.0063562806925330298
leaf_weight=70.174327403306961 306.72641237080097 68.938506603240967 233.41118071973324 454.89513120055199 120.90331117808819 1362.8868504464626 68.020442083477974 52.199212372303009 945.59637381136417 60.979613870382309 71.769896879792213 48.341005355119705 49.170508593320847 49.348932534456253 52.32368965446949 739.55140629410744 58.704535514116287 82.905814647674561 173.81771498918533 83.190343245863914 769.0491701811552 56.614624172449112 96.207259863615036 56.024732545018196 67.892077088356018 129.11052824556828 84.095227792859077 88.021013811230659 116.86398686468601 50.961995273828506 145.76678092777729
leaf_count=294 1240 281 961 1838 489 5523 278 214 3866 250 303 201 202 204 221 3054 242 352 729 346 3121 227 414 225 273 594 350 374 481 214 609
internal_value=-0.000170288 0.00284983 -0.00118299 8.94589e-05 -0.000683815 0.00108038 0.00438428 0.000949597 -0.00283723 -0.0075685 -0.00378495 -0.00519846 -0.00286961 -0.00056919 0.0121663 -0.00482056 0.0115052 -0.00372669 -0.00728336 0.00222696 0.000424909 -0.000323257 0.00175139 0.0123418 -0.00146293 0.00973406 0.00691219 0.0116298 0.000928631 -0.012968 -0.0108629
internal_weight=6814.46 1711.21 5103.25 3427.22 2904.31 1596.43 522.916 1341.05 1307.88 294.391 1676.03 1164.27 895.767 511.761 101.673 788.722 107.046 410.088 256.724 153.365 1288.85 1419.5 982.12 176.928 1013.49 370.165 241.055 156.96 885.913 268.499 217.537
internal_count=27970 7069 20901 13930 11814 6464 2116 5470 5350 1211 6971 4825 3699 2146 425 3256 443 1721 1081 640 5256 5750 4016 714 4139 1599 1005 655 3602 1126 912
is_linear=0
shrinkage=0.05


Tree=37
num_leaves=32
num_cat=0
split_feature=3 1 1 3 1 1 4 3 4 1 1 3 4 4 4 3 3 3 4 3 4 4 1 4 4 3 1 3 4 4 4
split_gain=7.52983 8.1091 6.10742 4.55238 4.11745 9.10122 3.72219 3.29411 3.18672 3.66803 2.6221 2.61525 2.5405 2.91918 3.69627 2.84744 6.89104 2.37659 2.28064 2.21538 2.08805 2.06077 2.04453 2.02341 5.37252 1.93728 1.81273 1.79523 3.06739 1.79067 1.74909
threshold=0.025206958180003219 3250.0000000000005 6583.3333333333348 0.008508458052985687 21416.666666666668 24416.666666666668 1.6411141498390009 0.10577109307941887 0.58438115131595147 16916.666666666668 416.66666666666669 -0.0057326281116713866 1.2191801618407283 0.32388327538585265 0.56357528318983652 -0.010330350994361021 -0.00071264728575282695 0.0033367387252265534 0.71890766877858348 0.074375793676680388 0.71465576594016378 0.62350125897588271 2083.3333333333335 1.0810751479503613 0.90182697226089437 0.065532227072892371 2916.6666666666674 0.0098206800983566146 1.2860360777281052 0.58013060617277235 0.87513100825535395
decision_type=2 2 2 2 2 2 2 2 2 2 2 2 2 2 2 2 2 2 2 2 2 2 2 2 2 2 2 2 2 2 2
left_child=2 7 12 4 8 18 27 10 9 -4 30 -7 13 17 22 -14 -17 -1 -6 25 -16 -10 -15 24 29 -12 -18 -5 -29 -3 -2
right_child=1 23 3 6 5 11 -8 -9 21 -11 19 -13 15 14 20 16 26 -19 -20 -21 -22 -23 -24 -25 -26 -27 -28 28 -30 -31 -32
leaf_value=-0.0043896576755306175 -0.0069680676076980218 0.0037793398537822385 -0.0044890502030710579 0.013076927045781237 0.020139569998245229 0.0047282822315141649 -0.006513759370843919 0.01322176196782057 0.0080423712725702385 -0.018316335396838333 0.0017938234981451256 -0.0012218854406957904 -0.010454964334615836 -0.0049872572736045472 8.7239590278704031e-05 0.014204122378084688 0.0016299791280996506 0.011018828780838947 0.0078928146003596402 0.008877129638479123 -0.0053363934632705209 -0.0019832142483710564 -0.013708493997562077 0.013905274572218747 -0.0067472330530605326 -0.0051141341967710606 -0.0060970340686220224 0.0027600074572638775 0.015625517997944979 0.01464826325223227 0.00064296710461871412
leaf_weight=48.98935329914093 172.24568255245686 58.054106786847115 226.99344435334206 76.42183031141758 55.260174930095673 218.21735855937004 67.304184913635254 52.151622846722603 54.200144931674004 60.811283349990845 769.03809748589993 1201.1932542324066 59.90429562330246 108.90035279095173 246.97056981921196 81.178820922970772 153.30157513916492 51.157732456922531 121.81493271887302 96.039881855249405 630.51830995082855 943.84875203669071 175.50181549787521 143.7690854370594 58.353349983692169 116.922727689147 150.33291892707348 314.28440226614475 54.339471757411957 109.12998923659325 134.37526136636734
leaf_count=205 697 248 935 306 223 881 275 214 223 250 3121 4869 251 458 1031 332 636 210 491 414 2632 3853 735 630 248 481 612 1272 221 473 543
internal_value=-0.000161937 0.00270936 -0.00112444 0.00010226 -0.000669709 0.00102629 0.00444514 0.000902341 -0.00277542 -0.00741067 0.000403763 -0.000307119 -0.00356431 -0.00470943 -0.00541542 -0.000314649 0.0012639 0.0034814 0.0117147 0.00166407 -0.0038099 -0.00143876 -0.010369 0.0092698 0.0063149 0.000882161 -0.00219575 0.00610246 0.00465653 0.0108741 -0.00363257
internal_weight=6811.52 1710.08 5101.44 3394.69 2882.34 1596.49 512.35 1340.77 1285.85 287.805 1288.62 1419.41 1706.76 1262.04 1161.89 444.718 384.813 100.147 177.075 982.001 877.489 998.049 284.402 369.307 225.537 885.961 303.634 445.046 368.624 167.184 306.621
internal_count=27970 7069 20901 13799 11725 6464 2074 5470 5261 1185 5256 5750 7102 5271 4856 1831 1580 415 714 4016 3663 4076 1193 1599 969 3602 1248 1799 1493 721 1240
is_linear=0
shrinkage=0.05


Tree=38
num_leaves=32
num_cat=0
split_feature=3 1 1 3 1 1 1 3 4 4 4 4 1 1 1 3 1 3 1 4 4 3 4 3 1 4 4 3 3 1 4
split_gain=6.80068 7.34416 5.53 3.8067 3.65564 3.78262 3.39591 2.97615 2.72374 2.88892 2.78044 3.57757 2.68825 4.49132 2.98858 2.41799 2.36717 2.2002 2.17281 2.17196 4.99234 5.42511 4.74557 5.32947 2.34916 2.15296 4.54046 2.02487 3.6443 4.71586 1.93606
threshold=0.025206958180003219 3250.0000000000005 6416.666666666667 0.0014615093193739855 21416.666666666668 29083.333333333339 38583.333333333336 0.10577109307941887 1.2191801618407283 1.4178710168632118 0.32388327538585265 0.56357528318983652 16250.000000000002 14416.66666666667 17416.666666666668 0.0033367387252265534 416.66666666666669 -0.004701496180879775 2083.3333333333335 1.1881749725085051 1.0033273940319123 0.018843599937671169 2.1689075315742161 0.010876924234679107 15750.000000000002 2.0678993474269833 1.4918598612899392 0.038310956137640483 0.032354742654205258 6250.0000000000009 0.98115182304550563
decision_type=2 2 2 2 2 2 2 2 2 2 2 2 2 2 2 2 2 2 2 2 2 2 2 2 2 2 2 2 2 2 2
left_child=2 7 8 4 12 17 -7 16 10 -10 15 18 13 -4 -14 -1 -2 -6 -12 20 21 -5 23 -21 -22 26 -18 28 29 -3 -13
right_child=1 27 3 19 5 6 -8 -9 9 -11 11 30 14 -15 -16 -17 25 -19 -20 22 24 -23 -24 -25 -26 -27 -28 -29 -30 -31 -32
leaf_value=-0.0045959394901973196 -0.0034522346852075706 0.02044916408419295 -0.0040613706990605333 0.00054437703270268634 0.011488282021961184 -0.0060233755480892008 0.00090524963780329966 0.012572947819340402 0.0060680884791148304 -0.0027482126211515572 -0.0047431013073400558 -0.0022756346240434488 -0.018895214032002644 0.007402304869802024 -0.0052971760048246561 0.011080438713118208 0.0021999723244030202 0.00227340149397578 -0.013805181857472407 -0.0077894290487121355 0.016939175512197129 0.016441987458310051 0.0097256192350200499 0.0060766164416449046 0.0056807859267322125 0.011593391616062747 -0.0094200465583789417 0.013905801268549248 -0.0022797180513352282 0.0029531009012186971 -0.0075921074184370427
leaf_weight=47.97331777215004 306.51158146560192 68.651208996772766 517.9581610262394 800.08894808590412 99.328827887773514 253.12673190236092 586.86844956874847 52.101999416947365 134.56204238533974 300.24593195319176 108.78386230766773 627.22589838504791 53.433074980974197 102.31918993592262 165.74426653981209 50.483473733067513 837.52583386003971 186.22252915799618 168.76323394477367 234.84002259373665 82.302808612585068 57.522394478321075 82.060264423489571 98.30634306371212 106.02014537155628 50.908082485198975 93.446969553828239 128.07942049205303 83.972260490059853 87.734037667512894 235.55258817970753
leaf_count=201 1240 281 2143 3219 401 1030 2381 214 557 1234 458 2622 220 421 680 207 3423 756 709 947 331 240 333 401 427 209 384 594 350 374 983
internal_value=-0.000153929 0.00257585 -0.00106868 8.20667e-05 -0.0013551 0.000507364 -0.00118264 0.000857431 -0.00342447 -1.9791e-05 -0.0046195 -0.00531555 -0.0038523 -0.00217036 -0.00861223 0.00344208 0.000383661 0.00547879 -0.0102533 0.00201482 0.00322941 0.00161067 -0.00104481 -0.00369777 0.010601 0.0015811 0.00103361 0.008828 0.00612219 0.0106337 -0.00372712
internal_weight=6808.66 1708.93 5099.73 3426.14 1965 1125.55 839.995 1340.49 1673.59 434.808 1238.78 1140.33 839.455 620.277 219.177 98.4568 1288.39 285.551 277.547 1461.14 1045.93 857.611 415.207 333.146 188.323 981.881 930.973 368.437 240.358 156.385 862.778
internal_count=27970 7069 20901 13930 8032 4568 3411 5470 6971 1791 5180 4772 3464 2564 900 408 5256 1157 1167 5898 4217 3459 1681 1348 758 4016 3807 1599 1005 655 3605
is_linear=0
shrinkage=0.05


Tree=39
num_leaves=32
num_cat=0
split_feature=3 1 1 3 4 1 4 3 3 4 4 4 4 3 3 4 3 1 3 4 1 1 3 4 4 1 1 4 4 4 4
split_gain=6.14187 6.65017 5.0048 3.11484 3.14663 6.43105 6.55164 5.14314 2.98029 2.87831 3.54532 2.8821 3.31079 2.68898 2.4931 5.08034 3.85619 2.80123 2.67492 2.47091 2.23221 2.13687 1.99653 1.85488 4.88643 1.77973 4.99564 1.76915 1.63471 1.58071 2.22929
threshold=0.025206958180003219 3250.0000000000005 6250.0000000000009 0.0014615093193739855 0.66760301748695638 71083.333333333358 0.62752103675410587 0.00093339000994692 -0.010745270258758417 1.2191801618407283 1.4178710168632118 0.32388327538585265 0.56357528318983652 0.10577109307941887 0.0026027321925754681 0.66004123624496736 0.0032158318364567543 26250.000000000004 0.0038407116120990829 0.71465576594016378 2583.3333333333335 416.66666666666669 0.074375793676680388 1.0810751479503613 0.90182697226089437 1250.0000000000002 3083.3333333333335 0.77501442460188774 0.58013060617277235 0.87513100825535395 0.65179435008076392
decision_type=2 2 2 2 2 2 2 2 2 2 2 2 2 2 2 2 2 2 2 2 2 2 2 2 2 2 2 2 2 2 2
left_child=2 13 9 4 5 6 -4 8 -6 11 -11 -1 20 21 15 -5 -16 -17 -18 -14 -13 29 27 24 28 -12 -27 -23 -3 30 -2
right_child=1 23 3 14 7 -7 -8 -9 -10 10 25 12 19 -15 16 17 18 -19 -20 -21 -22 22 -24 -25 -26 26 -28 -29 -30 -31 -32
leaf_value=0.0037671434293289835 -0.0018792457922430447 0.0031543351359912108 -0.0038051402665985677 0.017889943829857084 0.0067115798878941736 0.011605125206249421 -0.019960244377993569 -0.012004348284823921 -0.00013968909392658287 0.0070717987872687257 -0.010205842203695147 -0.0053313382099943732 0.00061120960246446832 0.011956337845772306 -0.0077569734164188407 0.0080765770617904041 0.0092517362404256065 -0.0049904620822774099 0.0010074908727455026 -0.005397558139240091 -0.014395060096055108 0.0035630782295795922 0.0083574415411293655 0.01285926949974163 -0.006880527561908616 0.0078806243762837656 -0.007016265145332364 -0.0010206593106103698 0.0135593188858062 0.00078360262408086489 -0.013534076495283848
leaf_weight=96.299982368946075 104.53020872175694 57.892241358757019 458.89854833483696 69.310140937566757 184.93314404785633 57.377669364213943 72.700644075870514 83.009082138538361 1120.2234734892845 131.47191019356251 63.638999417424202 130.64431844651699 238.28518168628216 52.05087111890316 116.38589358329773 84.674116313457489 108.86838318407536 79.543320521712303 1022.1869878917933 606.72167353332043 141.50900936126709 344.30031841993332 95.841811329126358 142.92342914640903 58.319320768117905 96.995117038488388 134.06503491103649 541.70577272772789 108.48699028789997 134.34292563796043 67.539476871490479
leaf_count=399 423 248 1889 280 750 232 299 338 4577 544 264 551 996 214 471 343 438 322 4125 2539 596 1396 414 630 248 400 548 2206 473 543 274
internal_value=-0.000146317 0.00244869 -0.00101574 6.30277e-05 -0.00123571 -0.004298 -0.00601449 6.35664e-05 0.000831096 -0.00329095 0.000244032 -0.00453244 -0.00524787 0.0008147 0.00179689 0.0065383 0.000909272 0.00174719 0.00180103 -0.00370313 -0.0100441 0.000364533 0.00150213 0.00840604 0.00557348 -0.00280199 -0.000762805 0.000760573 0.00993887 -0.00328071 -0.00645391
internal_weight=6805.68 1707.93 5097.74 3458.11 1977.14 588.977 531.599 1388.17 1305.16 1639.63 426.171 1213.46 1117.16 1340.31 1480.97 233.528 1247.44 164.217 1131.06 845.007 272.153 1288.26 981.848 367.622 224.699 294.699 231.06 886.006 166.379 306.413 172.07
internal_count=27970 7069 20901 14064 8085 2420 2188 5665 5327 6837 1756 5081 4682 5470 5979 945 5034 665 4563 3535 1147 5256 4016 1599 969 1212 948 3602 721 1240 697
is_linear=0
shrinkage=0.05


Tree=40
num_leaves=23
num_cat=0
split_feature=3 3 4 4 4 3 3 3 1 3 1 3 4 4 1 1 4 4 3 3 1 4
split_gain=5.3575 8.64289 6.83947 6.0365 4.15159 4.33491 4.11893 3.86849 7.75997 7.35223 4.88011 3.24794 3.22878 2.46582 2.49529 3.81369 3.46931 2.54329 2.3011 5.12305 1.64604 1.57771
threshold=-0.0066273984905445742 -0.0077448653050572192 0.1731165853189823 0.90182697226089437 2.0678993474269833 0.0028365668328049001 -0.0017868923771473001 0.043358156653060406 1750.0000000000002 0.046962020642482519 416.66666666666669 0.0055810174763959467 0.41024245765282047 0.41024245765282047 2416.6666666666674 13416.66666666667 1.1389797279558789 0.88425364297776199 0.007230986096068869 0.015101135129974189 916.66666666666686 0.85718124567185405
decision_type=2 2 2 2 2 2 2 2 2 2 2 2 2 2 2 2 2 2 2 2 2 2
left_child=1 13 -2 -3 7 6 -6 8 10 20 -4 -10 -11 -1 21 16 -16 -17 -7 -20 -9 -15
right_child=2 3 4 -5 5 18 -8 9 11 12 -12 -13 -14 14 15 17 -18 -19 19 -21 -22 -23
leaf_value=0.0077496438032530306 0.015600902751114091 -0.027894419634947661 0.0044155830636398077 -0.0040142423507271534 0.0085943418560544948 0.019176630851105721 -0.0092441253839506757 0.0097547607913121698 -0.00050288668140730116 -0.010345631796985662 -0.0067827961955011177 0.0023918619357481321 0.0026178389773008938 0.01125537441449901 -0.0037849694908920293 -0.0051495358707283924 -0.015591383255620754 0.0053505180569038864 -0.0054356826436484009 0.012733767602957894 0.022284581524932484 -0.00085517065507186496
leaf_weight=66.746244698762894 78.465240240097046 56.467099949717522 116.15778180956841 49.805238291621208 57.725988030433655 52.291089758276939 73.642577290534973 53.77794536948204 2347.9464509785175 51.411217823624611 598.88416661322117 1649.9391644150019 730.89117397367954 48.262581154704094 183.14741948246956 100.84107378125191 94.239277333021164 134.7104144692421 55.357445612549782 129.67550897598267 51.134491577744484 60.736932814121246
leaf_count=279 321 236 484 204 234 211 299 216 9609 211 2481 6735 3044 203 775 408 392 542 224 549 223 254
internal_value=0.000427796 -0.00343108 0.00093507 -0.0167028 0.000742276 0.00588153 -0.00140554 0.000403927 -0.000166251 0.00343274 -0.00496363 0.000691785 0.00176591 -0.00138309 -0.00236321 -0.00382316 -0.00779608 0.000855379 0.00991522 0.0072979 0.0158618 0.00450711
internal_weight=6842.26 794.956 6047.3 106.272 5968.84 368.693 131.369 5600.14 4712.93 887.215 715.042 3997.89 782.302 688.684 621.938 512.938 277.387 235.551 237.324 185.033 104.912 109
internal_count=28134 3293 24841 440 24520 1517 533 23003 19309 3694 2965 16344 3255 2853 2574 2117 1167 950 984 773 439 457
is_linear=0
shrinkage=0.05


Tree=41
num_leaves=24
num_cat=0
split_feature=3 3 4 4 4 3 3 3 1 3 1 3 3 4 4 4 1 4 1 3 3 4 3
split_gain=4.83908 7.8353 6.16584 5.50527 3.74875 3.91547 3.71846 3.49318 7.00875 6.65581 4.40957 3.14432 2.93126 2.26394 3.64038 3.7303 4.80044 2.85351 2.53685 2.06422 4.63165 1.65414 0.981959
threshold=-0.0066273984905445742 -0.0077448653050572192 0.1731165853189823 0.90182697226089437 2.0678993474269833 0.0028365668328049001 -0.0017868923771473001 0.043358156653060406 1750.0000000000002 0.046962020642482519 416.66666666666669 0.050800363205472106 0.0055810174763959467 0.500283899176589 0.67539306040242419 1.1389797279558789 12750.000000000002 0.95610016124747943 7916.666666666667 0.007230986096068869 0.015101135129974189 0.81148655954980542 -0.014168875305688684
decision_type=2 2 2 2 2 2 2 2 2 2 2 2 2 2 2 2 2 2 2 2 2 2 2
left_child=1 13 -2 -3 7 6 -6 8 10 21 -4 -11 -10 22 18 17 -17 -16 -15 -7 -21 -9 -1
right_child=2 3 4 -5 5 19 -8 9 12 11 -12 -13 -14 14 15 16 -18 -19 -20 20 -22 -23 -24
leaf_value=0.00034313361530043454 0.014806861870587601 -0.026655196265307709 0.004191217533203135 -0.003815848322698902 0.0081568385687295943 0.018187074320348502 -0.0087920695208578512 0.0082617802545992686 -0.0004777764685528775 -0.0067507304607461877 -0.0064508292578985132 0.0028702846897374367 0.0022722741273715923 -0.018516247440881602 -0.00019443787730710546 -0.011599526665636704 0.0032951559472508998 0.01128093154107793 -0.0031915319502846939 -0.0051664913761527795 0.012116628200099639 0.020877072171134079 0.0096880088653020051
leaf_weight=54.418794751167297 78.53746534883976 56.146009117364883 116.25461459159851 49.775762557983398 57.779671877622604 52.377118647098541 73.559722244739532 47.919465035200119 2347.7836091816425 96.936681151390076 598.23527602851391 685.23031330108643 1649.9353642761707 54.023119032382965 164.90741194784641 129.23716241121292 93.038601785898209 80.676310434937477 53.998249068856239 55.330376610159874 129.471605271101 56.767030224204063 58.151645287871361
leaf_count=229 321 236 484 204 234 211 299 199 9609 406 2481 2849 6735 230 684 539 374 334 221 224 549 240 242
internal_value=0.000406449 -0.00326243 0.000888487 -0.0159223 0.000705312 0.00559006 -0.0013358 0.000383808 -0.000157989 0.00326259 -0.00471926 0.00167792 0.000657222 -0.00131465 -0.00258233 -0.000672154 -0.00536502 0.00357532 -0.0108557 0.00942529 0.006942 0.0151025 0.00517051
internal_weight=6840.49 794.373 6046.12 105.922 5967.58 368.518 131.339 5599.06 4712.21 886.853 714.49 782.167 3997.72 688.451 575.881 467.859 222.276 245.584 108.021 237.179 184.802 104.686 112.57
internal_count=28134 3293 24841 440 24520 1517 533 23003 19309 3694 2965 3255 16344 2853 2382 1931 913 1018 451 984 773 439 471
is_linear=0
shrinkage=0.05


Tree=42
num_leaves=20
num_cat=0
split_feature=3 3 4 4 4 3 3 1 3 4 1 4 1 1 4 4 1 3 4
split_gain=4.37138 7.10307 5.55956 5.02168 3.43714 3.04691 6.12342 6.06242 4.93425 3.74158 3.39317 2.95133 2.25839 4.46133 3.85925 5.32174 2.37109 1.62357 1.46368
threshold=-0.0066273984905445742 -0.0077448653050572192 0.1731165853189823 0.90182697226089437 3.6093014168844744 0.043358156653060406 0.046962020642482519 5750.0000000000009 0.0048988416949879987 1.9501672243483503 1083.3333333333337 0.41024245765282047 2416.6666666666674 12750.000000000002 1.1389797279558789 0.67937766925226994 44250.000000000007 -0.017194525220870536 0.88425364297776199
decision_type=2 2 2 2 2 2 2 2 2 2 2 2 2 2 2 2 2 2 2
left_child=1 12 -2 -3 5 7 10 9 -9 -4 -7 -8 17 14 15 -14 18 -1 -15
right_child=2 3 4 -5 -6 6 11 8 -10 -11 -12 -13 13 16 -16 -17 -18 -19 -20
leaf_value=0.012024005732882797 0.014055445308311652 -0.025473393024896814 -0.0028316246963593782 -0.0036271767317987511 0.011668626289509779 0.0065685342682100011 -0.0099270989211831875 -3.5717325520933644e-05 0.0041510158101344041 0.0067874519841147731 0.02419909789957897 0.0024459168363121487 -0.011122474102037249 0.00027472333723807416 -0.015376283932947453 0.0049250414162656901 -0.0075256725314742758 0.00029138269378065789 0.0085280924248526506
leaf_weight=48.283847600221634 78.597717180848122 55.82169446349144 1701.9987447410822 49.747398391366005 70.199548721313477 63.297950908541679 51.419622391462326 2095.9292854517698 1059.4677096754313 107.47876511514187 47.97474592924118 768.64218604564667 102.33152988553047 107.02073048055172 91.041430100798607 104.33912973105907 51.522343561053276 75.739378899335861 107.85642406344414
leaf_count=203 321 236 7041 204 288 254 211 8547 4318 439 215 3207 437 434 381 440 207 317 434
internal_value=0.00038615 -0.00310253 0.00084421 -0.0151788 0.000670174 0.000539228 0.00316353 4.69481e-05 0.00137004 -0.00226027 0.0141699 0.0016701 -0.00124987 -0.00259295 -0.00679913 -0.00302077 0.00210763 0.00485904 0.00441746
internal_weight=6838.71 793.704 6045.01 105.569 5966.41 5896.21 931.335 4964.87 3155.4 1809.48 111.273 820.062 688.135 564.112 297.712 206.671 266.399 124.023 214.877
internal_count=28134 3293 24841 440 24520 24232 3887 20345 12865 7480 469 3418 2853 2333 1258 877 1075 520 868
is_linear=0
shrinkage=0.05


Tree=43
num_leaves=32
num_cat=0
split_feature=3 4 1 3 3 1 3 3 3 3 1 4 3 4 1 4 3 3 1 4 1 1 3 3 3 3 3 3 4 3 3
split_gain=4.05079 4.58099 4.27073 6.13526 7.25233 9.64221 6.5245 5.60146 5.22492 7.02096 6.15797 4.4905 5.26279 4.24561 5.19074 4.80181 3.95739 6.45947 3.69405 3.23597 2.95845 3.3982 2.92394 3.80166 2.88562 3.61411 3.37224 2.83676 2.63695 2.5044 2.29104
threshold=0.017552136961179906 1.7314800826628243 5750.0000000000009 0.0018958315662511703 0.0057267143615375897 1916.6666666666667 0.0076592522099223799 0.009373117496700686 -0.0032567145476723835 -0.0017868923771473001 2416.6666666666674 0.39580687231468925 0.0021490356760935749 1.5865899313624323 6750.0000000000009 0.29945703475280899 0.035345302280308924 0.027464621710621515 2916.6666666666674 0.35537860687123529 750.00000000000011 1916.6666666666667 0.0026027321925754681 0.0032158318364567543 0.00093339000994692 0.0012553364405668008 -0.0013454362731337144 0.018493035963485501 0.83131019718149712 -0.00010604772129466916 -0.014168875305688684
decision_type=2 2 2 2 2 2 2 2 2 2 2 2 2 2 2 2 2 2 2 2 2 2 2 2 2 2 2 2 2 2 2
left_child=2 13 3 8 18 7 -7 -6 10 -10 28 19 24 14 15 -2 17 -16 -5 -4 -3 -22 -14 -24 26 -26 -13 -17 -1 -11 -12
right_child=1 20 11 4 5 6 -8 -9 9 29 30 12 22 -15 16 27 -18 -19 -20 -21 21 -23 23 -25 25 -27 -28 -29 -30 -31 -32
leaf_value=0.011980385678643348 0.015821124007382698 -0.00049258496521275088 0.0033322258036106987 -0.008018515599834096 -0.0010131400030506151 0.017523816349511352 -0.0014245719093761394 -0.018700827231384439 0.023487852165064455 -0.0053228514827233196 -0.015280891294115841 -0.002364725586057945 0.011377212822205836 -0.011321247594526783 0.011408108637997622 0.012239018405474446 0.021514025907858159 -0.0080747689690862014 -0.023936824307576356 0.016074701789926756 0.022577897400314895 0.0071145765150319139 -0.00704295223074629 0.0028788171029656764 -0.016742622819440521 -0.0030647015479130461 0.0023832941994872334 -1.6818312209123904e-05 -0.0012042094147990574 0.0085099878277270832 -0.004437468739542599
leaf_weight=73.990113914012909 51.682542309165001 58.025891438126564 176.54762825369835 70.780841439962387 70.848308578133583 56.287279561161995 235.52265872061253 121.56201878190041 50.827112004160881 65.459200769662857 70.256906002759933 1227.3115933388472 87.747110188007355 63.678774043917656 139.77680256962776 48.647046625614166 47.585242629051208 61.157514989376068 75.132835686206818 69.412909463047981 55.979852929711342 97.25318332016468 107.31940218806267 961.75727930665016 65.577075213193893 183.25431632995605 537.85237121582031 1603.5617767423391 77.799591764807701 65.422967657446861 158.85115659236908
leaf_count=310 211 235 716 301 297 233 980 521 210 282 304 5036 353 266 583 200 222 260 316 283 231 429 435 3864 268 745 2195 6579 324 275 670
internal_value=0.000366895 0.00211773 -0.000479118 -0.00305502 -0.00644345 -0.0034989 0.00223039 -0.012188 0.00074012 0.00771638 -0.00258794 0.000420085 -8.47577e-05 0.00138371 0.00179809 0.00081349 0.00854865 0.00547819 -0.0162151 0.0069283 0.00912264 0.0127637 0.00260299 0.00188282 -0.00162858 -0.00666938 -0.000917985 0.000344038 0.00522264 0.00159165 -0.00776265
internal_weight=6836.87 2227.35 4609.52 1192.74 630.134 484.22 291.81 192.41 562.607 181.709 380.898 3416.78 3170.82 2016.09 1952.41 1703.89 248.52 200.934 145.914 245.961 211.259 153.233 1156.82 1069.08 2014 248.831 1765.16 1652.21 151.79 130.882 229.108
internal_count=28134 9216 18918 5023 2648 2031 1213 818 2375 767 1608 13895 12896 8321 8055 6990 1065 843 617 999 895 660 4652 4299 8244 1013 7231 6779 634 557 974
is_linear=0
shrinkage=0.05


Tree=44
num_leaves=19
num_cat=0
split_feature=3 3 4 4 4 3 1 1 3 1 3 4 4 4 1 4 1 3
split_gain=3.66855 6.44664 4.83055 4.60955 3.06084 2.69188 5.62054 5.3838 4.87297 3.49286 2.7453 2.01922 3.19716 3.05517 3.94659 2.55409 2.31639 0.873653
threshold=-0.0066273984905445742 -0.0077448653050572192 0.1731165853189823 0.90182697226089437 3.6093014168844744 0.043358156653060406 4416.666666666667 1750.0000000000002 0.046962020642482519 416.66666666666669 0.039608951256129628 0.500283899176589 0.67539306040242419 1.1389797279558789 10750.000000000002 0.95610016124747943 7916.666666666667 -0.014168875305688684
decision_type=2 2 2 2 2 2 2 2 2 2 2 2 2 2 2 2 2 2
left_child=1 11 -2 -3 5 7 8 9 -7 -4 -9 17 16 15 -15 -14 -13 -1
right_child=2 3 4 -5 -6 6 -8 10 -10 -11 -12 12 13 14 -16 -17 -18 -19
leaf_value=0.00048005394721001618 0.01308086517843726 -0.024285240107333204 0.0038595030190646039 -0.003318827528763597 0.010984977727236086 0.012370136067907484 0.01989185336668544 0.00086073735968325799 0.00072226654558783408 -0.0054027793493297317 -0.010262540478861821 -0.017409609129015773 -0.0002250243086402083 -0.011074573206034641 0.0022893044916085631 0.010624924300074407 -0.0027367490440075668 0.0092955807233036005
leaf_weight=54.352082535624504 78.621117606759071 55.477279961109161 121.58801318705082 49.700178518891335 70.195844054222107 101.43026956915855 46.507995292544365 4160.0002844631672 782.61233073472977 624.95628052949905 56.220389425754547 53.66858497262001 164.93784935772419 116.78647424280643 104.83943971991539 80.816979914903641 53.924428626894951 58.199163854122162
leaf_count=229 321 236 506 204 288 419 239 17011 3229 2595 233 230 684 491 422 334 221 242
internal_value=0.000348544 -0.00284956 0.000768122 -0.0143778 0.000605795 0.000482167 0.00294996 1.94392e-05 0.00205868 -0.00389425 0.000712416 -0.00108597 -0.00228483 -0.000495938 -0.00475283 0.003343 -0.0100557 0.00503848
internal_weight=6834.83 792.702 6042.13 105.177 5963.51 5893.32 930.551 4962.76 884.043 746.544 4216.22 687.525 574.974 467.381 221.626 245.755 107.593 112.551
internal_count=28134 3293 24841 440 24520 24232 3887 20345 3648 3101 17244 2853 2382 1931 913 1018 451 471
is_linear=0
shrinkage=0.05


Tree=45
num_leaves=27
num_cat=0
split_feature=3 1 3 4 4 4 3 1 4 4 4 1 4 3 3 4 4 4 4 3 3 4 4 1 3 4
split_gain=6.5478 4.72448 3.70131 4.7363 4.22604 3.98753 3.37636 8.43987 7.05277 5.46213 3.25878 3.21978 3.20115 3.16884 3.07917 2.71927 2.86905 2.08795 1.70801 1.63935 2.23665 3.5744 1.69611 1.28131 0.885457 0.43915
threshold=0.017552136961179906 5750.0000000000009 -0.015835535053945603 0.32388327538585265 0.35537860687123529 0.55049073193821252 0.067635830357238386 583.33333333333337 0.98115182304550563 1.7314800826628243 0.64791689569404787 4750.0000000000009 0.86570880039896903 0.036701135647897738 0.037388873613864962 0.38031361105972794 1.0181582713394055 2.2210018760442534 0.28308331626176769 0.031690111702591998 0.02372169215571034 0.91901682489020864 0.92376212429741689 1583.3333333333337 0.0023397105523057407 1.3836980412200561
decision_type=2 2 2 2 2 2 2 2 2 2 2 2 2 2 2 2 2 2 2 2 2 2 2 2 2 2
left_child=2 6 5 18 -5 -1 9 8 10 11 -8 14 -7 19 -2 -6 -17 -11 24 20 21 -3 -22 -9 -4 -14
right_child=1 13 3 4 15 12 7 23 -10 17 -12 -13 25 -15 -16 16 -18 -19 -20 -21 22 -23 -24 -25 -26 -27
leaf_value=-0.018769020209200304 0.0024054808179280983 0.012208133151923905 0.0075378440852058338 -0.014993702296548717 0.010457573379803936 0.0052729071342946729 -0.0023703258621304325 0.011545346109358099 -0.015949584162912086 0.015229070380266985 0.015223821354823738 -0.011061231615770013 -0.010742182943614429 0.017754773471244913 -0.0023644823530395379 -0.0020811420852179297 0.00063391579567263648 0.0027891409189882872 0.014580079497748005 -0.0030290076305301895 0.0057831363928711474 -0.0043787819093616389 0.018812134505596753 0.021489659246641028 -0.00062555136093891777 -0.0047720051935427193
leaf_weight=55.211132884025574 673.72533924877644 57.711141616106033 78.4321398884058 53.257537707686424 52.78465348482132 67.291315004229546 55.780908539891243 95.580053672194481 56.548984050750732 78.743632301688194 49.827927112579346 69.019016891717911 73.135390490293503 63.954664468765259 679.62876850366592 2367.5488772690296 1651.9286822527647 59.006787523627281 54.149422168731689 47.648573383688927 46.554929733276367 74.289969146251678 53.89727808535099 48.998332992196083 57.620874837040901 53.213524103164673
leaf_count=234 2745 238 321 219 218 281 224 398 227 324 200 286 305 309 2777 9752 6737 244 221 202 200 307 231 242 234 220
internal_value=9.52795e-05 0.00232865 -0.000986486 -0.000644593 -0.00100025 -0.0069158 0.0013364 0.00613192 -0.00169946 0.000393558 0.00593087 -0.000527128 -0.00353619 0.00771261 1.00958e-05 -0.000817242 -0.000965305 0.0099003 0.00706966 0.00541972 0.00715155 0.00287305 0.0127738 0.0149155 0.0040805 -0.00822776
internal_weight=6775.49 2210.92 4564.57 4315.72 4125.52 248.851 1866.86 306.736 162.158 1560.12 105.609 1422.37 193.64 344.057 1353.35 4072.26 4019.48 137.75 190.202 280.102 232.453 132.001 100.452 144.578 136.053 126.349
internal_count=27896 9154 18742 17702 16926 1040 7667 1291 651 6376 424 5808 806 1487 5522 16707 16489 568 776 1178 976 545 431 640 555 525
is_linear=0
shrinkage=0.05


Tree=46
num_leaves=24
num_cat=0
split_feature=3 3 1 3 1 4 4 3 4 4 4 3 4 4 4 4 3 3 3 4 1 1 4
split_gain=5.9136 4.54971 4.06216 3.52567 7.66141 6.36859 3.60652 3.34696 4.27164 3.82233 3.62398 3.15146 2.9972 2.89239 2.45118 2.59023 2.41055 1.89496 2.47426 1.56647 1.1907 0.902026 0.398236
threshold=0.017552136961179906 0.018054115000074224 5750.0000000000009 0.067635830357238386 583.33333333333337 0.98115182304550563 1.7314800826628243 -0.015835535053945603 0.32388327538585265 0.35537860687123529 0.55049073193821252 0.036701135647897738 1.5510183110747267 0.86570880039896903 0.38031361105972794 1.0181582713394055 0.032354742654205258 0.020724182742921027 0.029238427465568092 0.2141248962558602 1583.3333333333337 9916.6666666666697 1.3836980412200561
decision_type=2 2 2 2 2 2 2 2 2 2 2 2 2 2 2 2 2 2 2 2 2 2 2
left_child=7 -2 3 6 5 -5 12 10 19 -10 -1 17 -3 -12 -11 -16 -8 -4 -19 -9 -6 -21 -15
right_child=1 2 11 4 20 -7 16 8 9 14 13 -13 -14 22 15 -17 -18 18 -20 21 -22 -23 -24
leaf_value=-0.017908501277552759 0.016753792985952511 -0.00032131750475627671 -0.0032268409455491146 0.0056333978944020577 0.010990093412898895 -0.015162798777143827 -0.00014377285657602606 0.0014924281936757554 -0.014271204562939791 0.0099206264307338046 0.0050042289028477197 0.016988188116633753 -0.012156351409269512 -0.01022559243519372 -0.0019776841971185732 0.00060217566796575979 0.013485728400196692 0.010968139621622911 -0.0005394088915553956 0.015688227531747763 0.020608748736662311 0.0065226469904982893 -0.0045367817323509222
leaf_weight=54.976972311735153 52.522985830903053 1334.3243555873632 60.01802584528923 105.62474946677685 95.393471106886864 56.510094404220581 55.601950660347939 81.926770865917206 53.158652558922768 52.857572659850121 67.357244864106178 63.510157003998756 55.729716643691063 72.992376118898392 2366.8499003052711 1652.0473602563143 77.881311699748039 131.50636699795723 72.442889466881752 48.864003360271454 48.54977659881115 59.56626869738102 53.174931302666664
leaf_count=234 215 5446 245 424 398 227 228 334 219 218 281 309 228 305 9752 6737 323 561 308 201 242 241 220
internal_value=9.05988e-05 0.00221383 0.00185979 0.000941831 0.00583873 -0.00161486 -4.19547e-05 -0.000937392 -0.000612459 -0.0009504 -0.00657991 0.00698844 -0.000795805 -0.00336165 -0.00077649 -0.000917182 0.00780841 0.00458252 0.00688065 0.00671049 0.0142343 0.0106531 -0.00782797
internal_weight=6773.39 2209.62 2157.09 1829.62 306.078 162.135 1523.54 4563.77 4315.27 4124.91 248.502 327.477 1390.05 193.525 4071.75 4018.9 133.483 263.967 203.949 190.357 143.943 108.43 126.167
internal_count=27896 9154 8939 7516 1291 651 6225 18742 17702 16926 1040 1423 5674 806 16707 16489 551 1114 869 776 640 442 525
is_linear=0
shrinkage=0.05


Tree=47
num_leaves=25
num_cat=0
split_feature=3 3 1 3 1 4 4 3 4 4 4 3 4 4 3 3 3 3 3 3 3 3 1 1
split_gain=5.34091 4.09967 3.67831 3.19052 6.95374 5.75118 3.25751 3.02647 3.85267 3.45722 3.29331 2.87986 2.70465 2.61336 2.22349 5.79289 5.00415 2.18047 1.71356 2.24235 1.53938 3.55642 1.10546 0.362211
threshold=0.017552136961179906 0.018054115000074224 5750.0000000000009 0.067635830357238386 583.33333333333337 0.98115182304550563 1.7314800826628243 -0.015835535053945603 0.32388327538585265 0.35537860687123529 0.55049073193821252 0.036701135647897738 1.5510183110747267 0.86570880039896903 0.011951803124730558 0.010876924234679107 0.012649140054275041 0.032354742654205258 0.020724182742921027 0.029238427465568092 -0.00090466559661532759 0.0050797416339528551 1583.3333333333337 5916.666666666667
decision_type=2 2 2 2 2 2 2 2 2 2 2 2 2 2 2 2 2 2 2 2 2 2 2 2
left_child=7 -2 3 6 5 -5 12 10 20 -10 -1 18 -3 -12 15 -11 -16 -8 -4 -20 -9 -22 -6 -15
right_child=1 2 11 4 22 -7 17 8 9 14 13 -13 -14 23 16 -17 -18 -19 19 -21 21 -23 -24 -25
leaf_value=-0.017086695342774707 0.015899616735496173 -0.0003052532976231939 -0.0030642446438267201 0.0053507670209940704 0.010461160556739055 -0.014416054161027363 -0.00013658355529062096 0.00025498712657488065 -0.013583654319691024 -0.00068195841669668874 0.0047495438225753622 0.016251661693542398 -0.01154731986116616 -0.0041513790063192639 -0.01813217866902125 0.011653345738232556 -0.0020155401729331952 0.012829929574075414 0.010447143039898276 -0.00051237351322169149 0.017411644279042786 0.00038356639750385807 0.019759801089737669 -0.0096279586420781743
leaf_weight=54.746117457747459 52.576021745800972 1334.3174088448286 60.041956141591072 105.64322791993618 95.210656106472015 56.466542467474937 55.602086156606674 66.821676179766655 53.059448689222336 3576.5135010331869 67.419054120779037 63.080235809087753 55.735408782958984 50.166415959596634 56.088773384690285 97.779895752668381 340.88327074050903 77.771934077143669 131.1701278090477 72.451864778995514 67.476385399699211 56.204986944794655 48.115169495344162 75.824134588241577
leaf_count=234 215 5446 245 424 398 227 228 274 219 14670 281 309 228 215 232 402 1403 323 561 308 274 228 242 310
internal_value=8.61358e-05 0.00210475 0.00176829 0.000895268 0.0055593 -0.00153447 -3.98347e-05 -0.000890739 -0.000581927 -0.00090303 -0.00626023 0.00665477 -0.000756014 -0.00319571 -0.000737767 -0.000353693 -0.00429268 0.00742434 0.00435876 0.00654758 0.00636983 0.00967351 0.0135828 -0.00744732
internal_weight=6771.17 2208.18 2155.61 1828.86 305.436 162.11 1523.43 4562.98 4314.83 4124.32 248.156 326.744 1390.05 193.41 4071.27 3674.29 396.972 133.374 263.664 203.622 190.503 123.681 143.326 125.991
internal_count=27896 9154 8939 7516 1291 651 6225 18742 17702 16926 1040 1423 5674 806 16707 15072 1635 551 1114 869 776 502 640 525
is_linear=0
shrinkage=0.05


Tree=48
num_leaves=24
num_cat=0
split_feature=3 3 1 3 1 4 3 3 3 4 4 4 4 3 3 4 4 4 4 1 1 3 4
split_gain=4.82363 3.695 3.3304 2.88709 6.31046 5.19396 3.06328 4.41553 2.73617 3.47555 3.12699 2.99282 2.71562 3.38992 3.09736 2.36071 2.2055 2.33683 1.46917 1.12814 1.02535 0.807999 0.364855
threshold=0.017552136961179906 0.018054115000074224 5750.0000000000009 0.067635830357238386 583.33333333333337 0.98115182304550563 0.065532227072892371 0.063402702170335848 -0.015835535053945603 0.32388327538585265 0.35537860687123529 0.55049073193821252 0.95096331124161038 0.033309695142484746 0.025765493622055657 0.86570880039896903 0.38031361105972794 1.0181582713394055 0.28308331626176769 10583.333333333334 1583.3333333333337 0.00023044154288299657 1.3836980412200561
decision_type=2 2 2 2 2 2 2 2 2 2 2 2 2 2 2 2 2 2 2 2 2 2 2
left_child=8 -2 3 6 5 -5 7 -3 11 18 -11 -1 13 19 -14 -13 -12 -18 21 -4 -6 -10 -17
right_child=1 2 12 4 20 -7 -8 -9 9 10 16 15 14 -15 -16 22 17 -19 -20 -21 -22 -23 -24
leaf_value=-0.016301686710849722 0.015091680000631706 -0.0001786982203204302 0.0021403575672769579 0.0050824376160518228 0.0099572800373551543 -0.013707038120873538 -0.0098147814034016453 0.012120350550692558 -0.0011388768436295762 -0.012929222854156978 0.0094396142011400619 0.0045080878574746746 -0.005154532877782286 0.022541554221357112 0.0084133094580188857 -0.0093827735746404104 -0.0018421417230125776 0.00060848627776594532 0.013001072040511827 0.012333003362317296 0.018941680538045829 0.0066335834064406409 -0.0039312493073711558
leaf_weight=54.519216060638428 52.61997053027153 1370.1178176254034 65.402588441967964 105.65924176573753 95.031959563493729 56.419205561280251 76.112926885485649 77.081431299448013 58.859900310635567 52.9604532122612 52.922196596860886 67.47702956199646 80.598190948367119 45.639674842357635 87.980930760502815 72.763641312718391 2365.9169161915779 1652.0216049551964 54.321562007069588 46.41222271323204 47.694622933864594 77.417145967483521 53.082234784960747
leaf_count=234 215 5603 273 424 398 227 308 314 241 219 218 281 337 215 398 305 9752 6737 221 200 242 314 220
internal_value=8.18859e-05 0.00200102 0.00168125 0.000851 0.00529303 -0.00145814 -3.78224e-05 0.00047638 -0.000846401 -0.000552922 -0.000858013 -0.00595527 0.00633659 0.0110583 0.00192648 -0.00303747 -0.000700971 -0.000834538 0.00604809 0.00637113 0.0129596 0.00327655 -0.0070833
internal_weight=6769.03 2206.77 2154.15 1828.12 304.805 162.078 1523.31 1447.2 4562.26 4314.42 4123.82 247.842 326.034 157.454 168.579 193.323 4070.86 4017.94 190.599 111.815 142.727 136.277 125.846
internal_count=27896 9154 8939 7516 1291 651 6225 5917 18742 17702 16926 1040 1423 688 735 806 16707 16489 776 473 640 555 525
is_linear=0
shrinkage=0.05


Tree=49
num_leaves=26
num_cat=0
split_feature=3 3 1 3 3 4 3 4 1 3 4 3 3 3 3 3 1 3 3 3 3 3 4 1 1
split_gain=4.35636 3.331 3.01553 2.64607 2.47401 3.13555 2.9692 2.82827 2.66732 4.33156 2.46588 3.10859 2.80033 2.4213 4.61895 4.04651 2.34759 3.7847 2.00806 5.2145 4.53291 1.57189 1.33829 1.0239 0.817487
threshold=0.017552136961179906 0.018054115000074224 5750.0000000000009 0.058655175910864853 -0.015835535053945603 0.32388327538585265 -0.019481458849565671 0.35537860687123529 11250.000000000002 -0.025368740617890528 0.95096331124161038 0.033309695142484746 0.025765493622055657 0.037388873613864962 0.043358156653060406 0.035345302280308924 916.66666666666686 0.066591169161765607 0.011951803124730558 0.010876924234679107 0.012649140054275041 0.065532227072892371 0.2141248962558602 10583.333333333334 9916.6666666666697
decision_type=2 2 2 2 2 2 2 2 2 2 2 2 2 2 2 2 2 2 2 2 2 2 2 2 2
left_child=4 -2 3 13 6 22 8 -7 9 -1 11 23 -12 15 -15 -3 21 -18 19 -9 -20 -5 -6 -4 -24
right_child=1 2 10 16 5 7 -8 18 -10 -11 12 -13 -14 14 -16 -17 17 -19 20 -21 -22 -23 24 -25 -26
leaf_value=-0.016429217219467045 0.014327044577128909 0.00024013004109403016 0.0020341739822053082 0.0069717017907074078 0.00092002356463985599 -0.01230620796184945 -0.013758022258453316 -0.00061270495950279161 0.0071252162801210038 0.0029961265638374949 -0.0048921982026752381 0.021596009049735184 0.0080134233890368275 -0.010066834752575398 6.2304254703970472e-05 0.01284959642569929 -0.00013059819905832286 0.014789599448401509 -0.01723349247289432 0.011084815634422155 -0.0018795664944640158 -0.00053586977175558599 0.014161345884595548 0.011754256363883941 0.005447724620718809
leaf_weight=54.944776803255081 52.655916273593903 690.58710761368275 65.376454845070839 94.917283058166504 81.988839402794838 52.862116903066635 77.746437534689903 3575.7655094563961 54.741610065102577 60.074747323989868 80.672155231237411 45.265763580799103 87.758613005280495 161.06623874604702 373.62795308232307 70.081594213843346 73.215560376644135 101.32400186359882 55.964430063962936 97.8798987865448 340.79793377220631 262.64576226472855 49.06390768289566 46.266374796628952 59.630505442619324
leaf_count=237 215 2814 273 382 334 219 324 14670 222 257 337 215 398 653 1540 284 311 473 232 402 1403 1059 201 200 241
internal_value=7.78598e-05 0.00190234 0.00159844 0.000808865 -0.000804274 -0.000525356 -0.00566568 -0.00081524 -0.00195959 -0.00628335 0.00603357 0.0105436 0.0018321 -0.00041054 -0.0029889 0.00140186 0.00377741 0.0085309 -0.000666008 -0.000301038 -0.00404528 0.00145706 0.005743 0.00606231 0.00938099
internal_weight=6766.92 2205.46 2152.8 1827.47 4561.46 4313.95 247.508 4123.27 169.761 115.02 325.339 156.909 168.431 1295.36 534.694 760.669 532.103 174.54 4070.41 3673.65 396.762 357.563 190.683 111.643 108.694
internal_count=27896 9154 8939 7516 18742 17702 1040 16926 716 494 1423 688 735 5291 2193 3098 2225 784 16707 15072 1635 1441 776 473 442
is_linear=0
shrinkage=0.05


Tree=50
num_leaves=31
num_cat=0
split_feature=3 3 1 3 4 3 3 1 4 3 1 4 4 4 4 1 3 3 3 4 1 4 4 1 4 3 4 4 3 1
split_gain=5.08353 7.33933 3.29328 4.90414 4.10746 3.48075 9.70393 4.56614 5.37195 3.46898 3.20844 3.12352 6.16304 6.73776 5.83805 4.48938 2.91741 2.89394 2.79344 2.76889 2.7502 3.32543 2.53146 2.5014 2.36797 2.13261 1.81438 3.69829 1.6988 1.43925
threshold=0.02638743933882744 0.027464621710621515 10583.333333333334 0.0048988416949879987 0.32388327538585265 -0.0028168102082237975 -0.0018854665685416833 2416.6666666666674 0.755266985795085 -0.0091522213208698102 7083.3333333333348 0.69823800051631135 0.77501442460188774 0.82728499795358101 0.66760301748695638 3916.6666666666674 -0.017194525220870536 0.00013532974781931394 0.0055810174763959467 0.47042241856267591 12416.66666666667 1.0080020491913961 0.71088116861137574 14416.66666666667 0.71890766877858348 0.046962020642482519 0.54594312621530661 0.48082069162304997 -0.01303748090272789 583.33333333333337
decision_type=2 2 2 2 2 2 2 2 2 2 2 2 2 2 2 2 2 2 2 2 2 2 2 2 2 2 2 2 2 2
left_child=2 -2 4 9 17 7 -7 8 -6 16 -8 14 25 -14 26 -15 -4 -1 -5 -20 21 -11 -9 -22 -21 -13 27 -3 -18 -28
right_child=1 11 3 18 5 6 10 22 -10 20 -12 12 13 15 -16 -17 28 -19 19 24 23 -23 -24 -25 -26 -27 29 -29 -30 -31
leaf_value=0.016227665085008416 0.021174936272151317 -0.00092571401365465922 -0.002947163479744685 0.014357600651409631 0.01422915355185308 0.019449411474429058 -0.0033050676130890163 -0.014052245609819523 -0.0058058255202973093 0.013024461406271174 0.0018487276270253911 0.020508760373130847 -0.011241038825204913 0.0017430690351036911 -0.017251717969757028 0.011150551914420041 0.015733861225000166 0.00077666924125614073 -0.0072135950015876533 0.011189765080405534 -0.0085836878852901203 -0.0038949131256344029 -0.005808016879912831 -0.0012803121969081508 0.0026779459324639543 0.0073672974377471381 -0.009377045119054371 0.011627918241730402 0.0050946341832635751 -0.00014566339253344393
leaf_weight=49.027251109480858 51.097585663199425 181.30363062024117 77.93949531018734 64.7245082706213 53.96478545665741 54.058533445000648 1266.5962162911892 140.02553308010101 88.043669819831848 70.281828314065933 396.51802492141724 61.915375351905823 86.271662920713425 716.54983150959015 51.592915430665016 154.08893992006779 57.434251710772514 79.359358251094818 55.490723520517349 105.53688184916973 126.05611625313759 49.492484733462334 277.9285576492548 1676.3591440171003 361.90301643311977 61.573624074459076 63.745615154504776 86.73474209010601 108.21082034707069 125.04987569153309
leaf_count=205 213 747 316 260 227 224 5269 605 368 289 1614 257 359 2953 214 693 231 323 224 427 519 201 1169 6823 1469 257 258 358 435 523
internal_value=9.80307e-05 0.00252298 -0.000672811 0.000507975 -0.00202437 -0.00251496 -0.00139865 -0.00593822 0.00180769 -0.000591206 -0.0020763 0.00192312 0.00344394 0.00208733 -0.00130858 0.00340804 0.00503011 0.00667697 0.00455895 0.00334615 -0.00130355 0.00603313 -0.00857005 -0.00179109 0.00459971 0.0139562 0.00049197 0.00313653 0.00878358 -0.00326258
internal_weight=6798.87 1639.92 5158.95 2753.43 2405.52 2277.14 1717.17 559.963 142.008 2165.77 1663.11 1588.83 1080.4 956.91 508.427 870.639 243.585 128.387 587.655 522.931 1922.19 119.774 417.954 1802.42 467.44 123.489 456.834 268.038 165.645 188.795
internal_count=28030 6832 21198 11194 10004 9476 7107 2369 595 8814 6883 6619 4519 4005 2100 3646 982 528 2380 2120 7832 490 1774 7342 1896 514 1886 1105 666 781
is_linear=0
shrinkage=0.05


Tree=51
num_leaves=31
num_cat=0
split_feature=3 3 1 3 4 3 3 1 4 3 1 4 4 4 4 1 1 1 1 3 3 1 1 1 4 3 4 4 3 1
split_gain=4.59052 6.63303 2.97407 4.42621 3.70543 3.1498 8.73226 4.13378 4.83698 3.1305 2.8973 2.82084 5.56702 6.08016 5.26548 4.0719 2.79288 4.60231 3.9882 2.63155 2.59927 2.57214 7.71978 2.5916 2.30427 1.92758 1.63786 3.33978 1.53113 1.30044
threshold=0.02638743933882744 0.027464621710621515 10583.333333333334 0.0048988416949879987 0.32388327538585265 -0.0028168102082237975 -0.0018854665685416833 2416.6666666666674 0.755266985795085 -0.0091522213208698102 7083.3333333333348 0.69823800051631135 0.77501442460188774 0.82728499795358101 0.66760301748695638 3916.6666666666674 55083.333333333336 31416.666666666668 15916.66666666667 -0.017194525220870536 0.00013532974781931394 29083.333333333339 37750.000000000007 27583.333333333339 0.71088116861137574 0.046962020642482519 0.54594312621530661 0.48082069162304997 -0.01303748090272789 583.33333333333337
decision_type=2 2 2 2 2 2 2 2 2 2 2 2 2 2 2 2 2 2 2 2 2 2 2 2 2 2 2 2 2 2
left_child=2 -2 4 9 20 7 -7 8 -6 19 -8 14 25 -14 26 -15 17 18 -5 -4 -1 23 -23 -11 -9 -13 27 -3 -21 -28
right_child=1 11 3 16 5 6 10 24 -10 21 -12 12 13 15 -16 -17 -18 -19 -20 28 -22 22 -24 -25 -26 -27 29 -29 -30 -31
leaf_value=0.015366623408893575 0.020140378412736807 -0.00087939671864574812 -0.0028006860062577419 0.0083214848876317343 0.013475295849932858 0.018413126120164141 -0.0031415539593739185 -0.013401746810928936 -0.005522116754812503 -1.8194658473657035e-05 0.0017561362486574546 0.019501546696285135 -0.010672952020959615 0.0016560589357377102 -0.01637949367281686 0.010627058038510455 -0.0068672690555402083 0.015378263137579796 -0.0012003522964882832 0.014936535850570627 0.00073778279430656863 -0.010386611503201647 -0.00037003013545506538 0.01109525445549484 -0.0055246021555116591 0.0070031049579515302 -0.0089156613515837067 0.011052217336033659 0.0048387164733114107 -0.0001383781847252549
leaf_weight=49.181587919592857 51.037744134664536 181.30996483564377 77.915610432624817 206.29642449319363 54.130199104547501 54.241025269031525 1265.9127425998449 139.4948992729187 87.941408962011337 875.6280771791935 396.55210512876511 61.858946830034256 86.319170728325844 716.48942977190018 51.622467055916786 153.60804556310177 50.858882874250412 94.965783342719078 235.51698099076748 57.474058285355568 79.364914253354073 261.28511579334736 729.1539009809494 55.800841450691223 277.58607994019985 61.537873193621635 63.693575918674469 86.69116897881031 108.23664824664593 125.05156491696835
leaf_count=205 213 747 316 838 227 224 5269 605 368 3581 1614 257 359 2953 214 693 205 383 954 231 323 1065 2959 227 1169 257 258 358 435 523
internal_value=9.30988e-05 0.002398 -0.000639468 0.000482587 -0.00192426 -0.00239075 -0.00132917 -0.00565003 0.00171602 -0.00056177 -0.0019733 0.00182783 0.00327369 0.00198415 -0.00124327 0.00323981 0.00433113 0.00539216 0.00324569 0.0047777 0.00633474 -0.00123863 -0.00301248 0.000647599 -0.00815915 0.0132686 0.000467462 0.00298016 0.00834098 -0.00310034
internal_weight=6796.76 1639.22 5157.54 2753.13 2404.4 2275.86 1716.71 559.153 142.072 2165.49 1662.46 1588.18 1079.81 956.417 508.369 870.097 587.638 536.779 441.813 243.626 128.547 1921.87 990.439 931.429 417.081 123.397 456.746 268.001 165.711 188.745
internal_count=28030 6832 21198 11194 10004 9476 7107 2369 595 8814 6883 6619 4519 4005 2100 3646 2380 2175 1792 982 528 7832 4024 3808 1774 514 1886 1105 666 781
is_linear=0
shrinkage=0.05


Tree=52
num_leaves=30
num_cat=0
split_feature=3 3 1 3 4 3 3 1 4 4 3 4 4 4 4 1 3 4 1 4 3 3 1 1 4 3 3 1 3
split_gain=4.14535 5.99568 2.68575 3.99544 3.34294 2.85014 7.86029 3.74195 4.39959 2.85224 2.82515 2.54748 5.02916 5.48698 4.74986 3.69265 2.5449 2.48074 2.43758 2.99438 2.3739 2.3356 2.30748 2.19602 2.09706 1.7429 1.62081 2.49634 1.38044
threshold=0.02638743933882744 0.027464621710621515 10583.333333333334 0.0048988416949879987 0.32388327538585265 -0.0028168102082237975 -0.0018854665685416833 2416.6666666666674 0.80345404991771729 1.916910140113022 -0.0091522213208698102 0.69823800051631135 0.77501442460188774 0.82728499795358101 0.66760301748695638 3916.6666666666674 0.0055810174763959467 0.47042241856267591 12416.66666666667 1.0080020491913961 -0.017194525220870536 0.00013532974781931394 14416.66666666667 12250.000000000002 0.71088116861137574 0.046962020642482519 0.078622165829291768 4083.3333333333339 -0.01303748090272789
decision_type=2 2 2 2 2 2 2 2 2 2 2 2 2 2 2 2 2 2 2 2 2 2 2 2 2 2 2 2 2
left_child=2 -2 4 10 21 7 -7 8 -6 -8 20 14 25 -14 26 -15 -5 -18 19 -12 -4 -1 -20 -19 -9 -13 27 -3 -22
right_child=1 11 3 16 5 6 9 24 -10 -11 18 12 13 15 -16 -17 17 23 22 -21 28 -23 -24 -25 -26 -27 -28 -29 -30
leaf_value=0.014555487507755342 0.019158875848721665 0.0030932577842723947 -0.0026614578960893155 0.013462801240262346 0.011572954881082217 0.017438274561239912 -0.0024909660700156259 -0.01278016440565112 -0.0061534988959077302 0.0050947018282810601 0.01234997450964934 0.018546302155291565 -0.010134411783653072 0.0015733873384767691 -0.015553820830159704 0.010127129736551929 -0.0070370603610819191 -0.0044543339825739749 -0.0081649981384579497 -0.0037009890254580957 0.014181774891206721 0.00070084606104676961 -0.0011458966828378949 0.0055103974989727912 -0.0052547725990260766 0.006656875158317613 -0.0074523360873980779 -0.0086664038902605611 0.0045957675004874125
leaf_weight=49.322479352355003 50.971472650766373 347.91238358616829 77.89261169731617 64.785252273082733 62.398916929960251 54.40522600710392 1526.9776933044195 138.97895863652229 79.726528003811836 134.86359320580959 70.415845230221748 61.794447526335716 86.359754845499992 716.43111589550972 51.644099444150925 153.14355725049973 55.501955464482307 64.077041387557983 125.88455155491829 49.469932362437248 57.505359500646591 79.370170935988426 1675.7803804129362 403.18341387808323 277.25661432743073 61.502512618899345 56.887847602367401 51.855215311050415 108.25989638268948
leaf_count=205 213 1418 316 260 261 224 6334 605 334 549 289 257 359 2953 214 693 224 260 519 201 231 323 6823 1636 1169 257 239 229 435
internal_value=8.84197e-05 0.00227923 -0.000607781 0.000458481 -0.00182908 -0.00227265 -0.00126312 -0.00537565 0.00162914 -0.00187537 -0.000533812 0.00173727 0.00311184 0.00188603 -0.00118124 0.00307981 0.00411524 0.00295681 -0.00117695 0.00572667 0.00453816 0.00601075 -0.00163633 0.0041439 -0.00776746 0.0126157 0.00044418 0.00156787 0.00792123
internal_weight=6794.56 1638.5 5156.06 2752.76 2403.3 2274.61 1716.25 558.361 142.125 1661.84 2165.21 1587.53 1079.23 955.934 508.3 869.575 587.548 522.762 1921.55 119.886 243.658 128.693 1801.66 467.26 416.236 123.297 456.655 399.768 165.765
internal_count=28030 6832 21198 11194 10004 9476 7107 2369 595 6883 8814 6619 4519 4005 2100 3646 2380 2120 7832 490 982 528 7342 1896 1774 514 1886 1647 666
is_linear=0
shrinkage=0.05


Tree=53
num_leaves=27
num_cat=0
split_feature=3 3 1 1 1 3 4 3 3 4 4 4 4 4 4 3 3 1 3 4 4 4 4 4 3 4
split_gain=3.74287 5.42049 2.55026 7.16741 4.6704 3.79056 3.2621 3.07876 5.80854 2.53626 2.51649 2.30068 4.54366 4.95187 4.45891 5.0112 4.93789 3.34819 2.46804 1.96614 1.78371 3.13586 1.97297 1.75804 1.57639 0.407227
threshold=0.02638743933882744 0.027464621710621515 3916.6666666666674 4416.666666666667 5750.0000000000009 0.0021490356760935749 0.74360370429187561 0.0022488558531207643 -0.0030436225246011062 0.31263687614134456 1.4918598612899392 0.69823800051631135 0.77501442460188774 0.82728499795358101 0.60120522154423328 0.041395110199263473 0.031690111702591998 3916.6666666666674 0.074375793676680388 0.67162152855728185 1.9501672243483503 1.4778317000082313 0.9717355517675822 1.1812630740735002 0.046962020642482519 0.64791689569404787
decision_type=2 2 2 2 2 2 2 2 2 2 2 2 2 2 2 2 2 2 2 2 2 2 2 2 2 2
left_child=2 -2 9 6 7 10 -4 8 -5 -1 -6 14 24 -14 16 -16 -3 -15 -18 -7 21 22 -11 -9 -13 -17
right_child=1 11 3 4 5 19 -8 23 -10 20 -12 12 13 17 15 25 18 -19 -20 -21 -22 -23 -24 -25 -26 -27
leaf_value=0.0067336706049098 0.018227145963229392 0.016169160593546051 0.022013506894129044 -0.0090666261077488302 -0.0019228963530654919 0.0051220415564921075 0.0053748306357800698 -0.014179641508149736 0.012919772711686015 -0.0044898142845540018 0.0027405081771064727 0.017639807262219864 -0.0096237484678244195 0.0014948384590271315 -0.020299956182065065 -0.0047790864307417948 -0.0026478521214261027 0.0096497520714077523 0.0089817900630535467 0.00098277631022117436 0.0036399478609087095 -0.012469277537460313 0.00055639096950215253 -0.0029301539736187633 0.0063277113265519051 0.0015947864575199266
leaf_weight=67.809693813323975 50.900008231401443 52.267518609762192 48.275301948189735 77.397481426596642 1817.1936391592026 398.72376957535744 75.57198540866375 118.06836993992329 49.094944417476654 623.74074958264828 344.05875977873802 61.723336860537529 86.394206896424294 716.37487679719925 55.06517405807972 49.107204869389534 244.79954293370247 152.69539111852646 56.069445550441742 1022.7880553603172 86.846784234046936 95.059350937604904 280.94856233894825 49.202779799699783 61.467658415436745 51.172802969813347
leaf_count=279 213 214 202 334 7462 1608 313 484 205 2640 1398 257 359 2953 227 204 1006 693 236 4138 355 398 1182 200 257 213
internal_value=8.39809e-05 0.00216603 -0.000577632 1.97957e-05 -0.000358492 0.000138461 0.0118605 -0.00641937 -0.000533143 -0.00264791 -0.00118051 0.00165094 0.00295798 0.00179274 -0.0011217 -0.00818113 0.00198375 0.00292765 -0.000480571 0.00214381 -0.00323337 -0.00383045 -0.00292273 -0.0108706 0.0119955 -0.0015265
internal_weight=6792.82 1638.04 5154.78 4000.38 3876.53 3582.76 123.847 293.764 126.492 1154.41 2161.25 1587.14 1078.66 955.464 508.482 155.345 353.137 869.07 300.869 1421.51 1086.6 999.749 904.689 167.271 123.191 100.28
internal_count=28030 6832 21198 16344 15829 14606 515 1223 539 4854 8860 6619 4519 4005 2100 644 1456 3646 1242 5746 4575 4220 3822 684 514 417
is_linear=0
shrinkage=0.05


Tree=54
num_leaves=19
num_cat=0
split_feature=4 3 3 1 1 1 3 3 4 4 4 4 4 4 3 3 3 3
split_gain=3.44736 3.59783 4.92396 2.36083 6.80796 4.03807 3.53231 2.93407 2.79366 2.37201 2.02264 4.15442 4.42138 4.09925 1.59759 1.42615 1.39993 3.39349
threshold=4.175047981163817 0.02638743933882744 0.027464621710621515 3916.6666666666674 4416.666666666667 5750.0000000000009 0.0021490356760935749 0.0022488558531207643 0.74360370429187561 0.31263687614134456 0.69823800051631135 0.77501442460188774 0.82728499795358101 0.66760301748695638 0.078622165829291768 0.046962020642482519 -0.018078322799229298 -0.01303748090272789
decision_type=2 2 2 2 2 2 2 2 2 2 2 2 2 2 2 2 2 2
left_child=1 3 -3 9 8 7 -7 -6 -5 -1 13 15 -13 14 -4 -12 -11 -18
right_child=-2 2 10 4 5 6 -8 -9 -10 16 11 12 -14 -15 -16 -17 17 -19
leaf_value=0.0063905799101706936 0.012526351339297821 0.01734220238194617 0.0015593876770657322 0.020831682326596924 -0.0003852288834050866 -0.0012843290188167525 0.0019392440130175646 -0.010530260862469363 0.0054040001725859125 0.0046061287242321917 0.016779132719158405 -0.009139408031270729 0.0027244918746274108 -0.014416271322141678 -0.0073958065566033324 0.0060147644851372166 -0.016320795126771294 -0.0030052556389861939
leaf_weight=67.875925049185753 55.180125534534454 50.824436470866203 399.89006873965263 48.45847325026989 125.69425643980503 2139.6312128454447 1409.7267532944679 164.59724251925945 74.389284178614616 53.914701581001282 61.646897614002228 86.423235237598419 859.98556408286095 51.655241042375565 56.887930497527122 61.433407962322235 50.324737340211868 972.46962289512157
leaf_count=279 226 213 1647 202 536 8774 5698 674 308 232 257 359 3609 214 239 257 216 4090
internal_value=7.97674e-05 -2.21954e-05 0.00202403 -0.000674777 -9.70065e-05 -0.000467714 -3.99686e-06 -0.00613753 0.0114896 -0.00267499 0.00153064 0.00276492 0.00164112 -0.00106567 0.000444092 0.0114063 -0.00324649 -0.00366042
internal_weight=6791.01 6735.83 1628.75 5107.08 3962.5 3839.65 3549.36 290.291 122.848 1144.58 1577.92 1069.49 946.409 508.433 456.778 123.08 1076.71 1022.79
internal_count=28030 27804 6795 21009 16192 15682 14472 1210 510 4817 6582 4482 3968 2100 1886 514 4538 4306
is_linear=0
shrinkage=0.05


Tree=55
num_leaves=32
num_cat=0
split_feature=4 4 1 3 3 4 4 1 3 3 3 4 1 3 3 1 3 3 3 3 3 1 3 3 3 3 1 4 4 4 4
split_gain=4.79605 3.72454 3.66107 5.67652 5.09082 4.81975 4.33843 3.85506 3.73919 2.94301 2.69874 2.62047 2.3866 2.29448 5.79187 3.96193 2.78489 2.44274 2.66966 2.16781 4.64064 2.72347 3.41561 2.11812 1.61666 5.21464 2.60687 3.6212 2.3482 2.08251 1.42498
threshold=0.96596910121200152 1.1010028081744885 1083.3333333333337 -0.0013454362731337144 -0.0017868923771473001 0.1731165853189823 0.79926987708910757 2416.6666666666674 0.050800363205472106 0.074375793676680388 -0.00071264728575282695 3.6093014168844744 27250.000000000004 0.0045720165182532276 -0.0026960553962743629 10083.333333333334 0.00013532974781931394 0.011951803124730558 0.04038110521875133 0.047611026380430528 0.04038110521875133 750.00000000000011 0.060672585985068715 0.003083091612972566 0.031196380064465585 0.028027603812070496 916.66666666666686 1.4778317000082313 1.7555793038143841 1.3934459785585513 1.0517231190197136
decision_type=2 2 2 2 2 2 2 2 2 2 2 2 2 2 2 2 2 2 2 2 2 2 2 2 2 2 2 2 2 2 2
left_child=2 13 9 4 6 -5 7 -4 10 19 -7 24 -8 14 15 -2 -16 -15 30 20 23 22 -21 -1 25 29 27 -26 -28 -3 -19
right_child=1 11 3 5 -6 8 12 -9 -10 -11 -12 -13 -14 17 16 -17 -18 18 -20 21 -22 -23 -24 -25 26 -27 28 -29 -30 -31 -32
leaf_value=0.0030595389422990453 0.0003003787645902556 -0.001398917657608024 0.013672675863703201 0.016301840325768809 -0.01597202344008963 0.0084811307630720673 -0.0046233526518024469 -0.0012067131522981403 0.0093238973481409287 0.0036490549686993149 0.00014035360916982585 0.010090286634542325 -0.015881856497565884 0.015270388813097557 -0.011600118161977466 0.017978434954629197 0.0014146647184211918 -0.0016500065194059842 0.012303415557054094 -0.014850237320182758 0.0090910804702089513 -0.019300750776315677 -0.00027022786186722261 -0.0076713475625540947 0.0050680550343137065 -0.014229956229843048 0.0039362528332083429 -0.0090834475039981728 0.015084805628276798 0.0021689035533722914 0.008321275087260117
leaf_weight=56.756363302469254 56.641001150012016 734.71506534516811 46.751330181956291 53.146251663565636 71.790122866630554 101.99622039496899 141.07333967089653 632.0031716376543 128.99618385732174 107.27495843172073 1972.4373148679733 77.630130559206009 70.642687350511551 89.549477890133858 69.127418279647827 71.95984248816967 101.38836087286472 105.79154179990292 95.15878202021122 67.582506284117699 65.155201837420464 51.904775351285934 99.029782801866531 242.31153319776058 106.06258890032768 61.585784733295441 175.58201855421066 78.783671960234642 64.613340646028519 922.56626166403294 54.180087357759476
leaf_count=239 239 3011 195 217 299 422 592 2644 574 433 8103 318 289 366 283 292 413 433 400 274 263 209 398 1013 429 256 757 319 293 3775 222
internal_value=0.00048239 0.00203628 -0.00065667 5.18131e-05 -0.00316363 0.00142296 -0.00213101 -0.000181849 0.00106408 -0.00396166 0.000550455 0.00106585 -0.00837995 0.00538494 0.0021807 0.0101923 -0.00386155 0.00816562 0.00567188 -0.00536269 -0.00300057 -0.00929986 -0.00618428 -0.00563487 0.000739074 5.63094e-05 0.00350017 -0.000963483 0.00693525 0.000587197 0.00172712
internal_weight=6774.19 2865.34 3908.85 3218.84 962.261 2256.58 890.471 678.755 2203.43 690.015 2074.43 2221.54 211.716 643.797 299.117 128.601 170.516 344.68 255.13 582.74 364.223 218.517 166.612 299.068 2143.91 1718.87 425.042 184.846 240.195 1657.28 159.972
internal_count=27970 11806 16164 13335 4019 9316 3720 2839 9099 2829 8525 9158 881 2648 1227 531 696 1421 1055 2396 1515 881 672 1252 8840 7042 1798 748 1050 6786 655
is_linear=0
shrinkage=0.05


Tree=56
num_leaves=32
num_cat=0
split_feature=4 4 1 3 1 1 3 3 1 3 4 1 3 3 3 1 3 3 3 3 3 3 1 3 3 3 1 3 1 3 4
split_gain=4.32906 3.36058 3.30643 5.37019 3.33645 4.35971 3.39684 4.16314 2.96992 2.65803 2.36391 2.28081 2.48149 2.07125 5.22523 3.56797 2.19609 2.41475 2.15262 2.06152 1.95665 4.18981 2.45707 3.08924 1.91552 1.51796 3.46807 1.99189 5.7126 5.25016 1.28587
threshold=0.96596910121200152 1.1010028081744885 1083.3333333333337 0.020724182742921027 38916.666666666679 42416.666666666679 -0.00090466559661532759 0.016337698597322012 2416.6666666666674 0.074375793676680388 3.6093014168844744 9916.6666666666697 0.066591169161765607 0.0045720165182532276 -0.0029559972684548431 10083.333333333334 0.011951803124730558 0.04038110521875133 0.00013532974781931394 0.0038407116120990829 0.047611026380430528 0.04038110521875133 750.00000000000011 0.060672585985068715 0.003083091612972566 -0.0094684705491351242 10750.000000000002 0.0074485631771657743 11416.66666666667 0.012649140054275041 1.0517231190197136
decision_type=2 2 2 2 2 2 2 2 2 2 2 2 2 2 2 2 2 2 2 2 2 2 2 2 2 2 2 2 2 2 2
left_child=2 13 9 4 6 -6 8 -8 -4 20 25 12 -5 14 15 -2 -15 30 -16 -7 21 24 23 -22 -1 26 -3 28 -27 -29 -18
right_child=1 10 3 11 5 19 7 -9 -10 -11 -12 -13 -14 16 18 -17 17 -19 -20 -21 22 -23 -24 -25 -26 27 -28 29 -30 -31 -32
leaf_value=0.0029045973963712519 0.00054077522626449776 -0.0098773289530218276 0.0062868613744126722 0.0021597227096390921 0.015792455085257059 0.0025543757851369253 0.00079240559286320855 -0.008429081390507789 -0.0050660936998315666 0.0034670029764265115 0.0095825300561730199 0.013201521441837734 0.013906994759453537 0.01448816294430807 -0.0098025558680655146 0.017726633539838523 -0.0015675413080761631 0.011703307511995657 0.001343704155403685 -0.0077229245991751383 -0.014128649004664276 0.0086310311501489618 -0.018338928511642285 -0.0002567196898481559 -0.0072989053062713118 0.0080730456655829005 0.0038959016406317788 -0.0083427249292462851 -4.9060449420350308e-05 0.0012129051935609969 0.007904151008667426
leaf_weight=56.793755739927292 54.712874665856361 100.8326381444931 62.193145900964737 486.19465883076191 57.728201866149902 343.57748141884804 1180.0363610237837 136.55751261115074 780.99808894097805 107.26286862790585 77.655705660581589 64.45090751349926 49.535302877426147 89.662087574601173 75.616408318281174 67.410758331418037 105.78922048211098 95.039420440793037 101.40507033467293 56.871029496192932 67.484953284263611 65.195609852671623 51.895867958664894 99.028510957956314 241.95162615180016 329.43048353493214 83.595326483249664 174.11030022799969 631.4639368057251 824.22328247129917 54.187159016728401
leaf_count=239 231 430 261 2013 234 1394 4840 557 3280 433 318 293 235 366 310 273 433 400 413 228 274 263 209 398 1013 1351 336 711 2563 3449 222
internal_value=0.000458318 0.00193461 -0.000624085 4.9181e-05 -0.00092878 0.00294665 -0.00175091 -0.00016405 -0.00422871 -0.00376594 0.00101271 0.004315 0.00324591 0.00511533 0.00207116 0.0100272 0.00775736 0.00539084 -0.00341753 0.00109481 -0.00509817 -0.00285297 -0.0088394 -0.00587877 -0.00535914 0.000702258 -0.00363436 0.00111048 0.0027355 -0.000453606 0.00164071
internal_weight=6772.89 2865.13 3907.76 3218.14 2617.96 458.177 2159.79 1316.59 843.191 689.613 2221.31 600.181 535.73 643.823 299.145 122.124 344.678 255.016 177.021 400.449 582.35 363.941 218.409 166.513 298.745 2143.66 184.428 1959.23 960.894 998.334 159.976
internal_count=27970 11806 16164 13335 10794 1856 8938 5397 3541 2829 9158 2541 2248 2648 1227 504 1421 1055 723 1622 2396 1515 881 672 1252 8840 766 8074 3914 4160 655
is_linear=0
shrinkage=0.05


Tree=57
num_leaves=32
num_cat=0
split_feature=4 4 1 3 1 1 3 3 3 3 4 1 3 3 3 3 1 3 3 3 3 4 4 4 3 3 1 3 4 4 4
split_gain=3.90694 3.03286 2.98621 4.85174 3.01116 3.9273 3.06975 3.75872 2.84695 2.40067 2.13274 2.07406 2.25644 1.88957 1.86981 4.75376 3.23124 2.30138 1.97514 2.18417 1.86054 1.47839 3.86565 1.52048 1.43298 4.72409 2.35903 3.49082 2.13674 1.86159 1.25622
threshold=0.96596910121200152 1.1010028081744885 1083.3333333333337 0.020724182742921027 38916.666666666679 42416.666666666679 -0.00090466559661532759 0.016337698597322012 -0.015106965155248515 0.074375793676680388 3.6093014168844744 9916.6666666666697 0.066591169161765607 0.065532227072892371 0.0045720165182532276 -0.0026960553962743629 10083.333333333334 0.00013532974781931394 0.011951803124730558 0.04038110521875133 0.0038407116120990829 0.72352711164540706 0.65179435008076392 0.79103465335193979 0.031196380064465585 0.028027603812070496 916.66666666666686 0.052215784509170013 1.7555793038143841 1.3934459785585513 0.90578007324059862
decision_type=2 2 2 2 2 2 2 2 2 2 2 2 2 2 2 2 2 2 2 2 2 2 2 2 2 2 2 2 2 2 2
left_child=2 14 9 4 6 -6 8 -8 -4 13 24 12 30 21 15 16 -2 -17 -16 -20 -7 22 -1 -23 25 29 27 -26 -28 -3 -5
right_child=1 10 3 11 5 20 7 -9 -10 -11 -12 -13 -14 -15 18 17 -18 -19 19 -21 -22 23 -24 -25 26 -27 28 -29 -30 -31 -32
leaf_value=-0.0044350061181641313 0.00027590770566281723 -0.0013480199321713108 0.0025394053028694689 0.0029263265631807008 0.01498057521065428 0.0024259743797013138 0.00075271411996700869 -0.0080109964638850478 -0.0053086136179052983 0.0032940347340950993 0.0091008938297286231 0.01259858167991245 0.013279683477323619 -0.012784327757616046 0.013748368115234591 -0.01056531938469072 0.016229413554712083 0.0012763154274953847 0.0015586381363997199 0.011132486859277901 -0.007338019706367444 -0.014253470115479006 0.0093736254381061989 -0.0044153938634573257 -0.010266804078886055 -0.013567012718867519 0.0036824830272112123 0.004105244655613567 0.014336135808383367 0.0020252482883982171 -0.0053387563513656328
leaf_weight=266.39704546332359 56.647966325283051 734.60616052150726 138.24207144975662 434.68180666863918 57.811735734343529 343.67174077033997 1180.1449263840914 136.50153502821922 704.23198258876801 107.25073811411858 77.676561191678047 64.166056960821152 49.287973150610924 66.419547095894814 89.759823247790337 68.907253071665764 72.1823361068964 101.42085233330727 159.97914829850197 94.920068204402924 56.861649870872498 56.211453393101692 62.59103636443615 130.33641688525677 65.35676833987236 61.639369711279869 175.41209775209427 119.5057187974453 64.323124453425407 922.75054885447025 51.411240383982658
leaf_count=1099 239 3011 586 1800 234 1394 4840 557 2955 433 318 293 235 267 366 283 292 413 655 400 228 232 259 539 264 256 757 484 293 3775 213
internal_value=0.000435453 0.00183782 -0.000593139 4.67435e-05 -0.000882573 0.0027982 -0.00166394 -0.000155852 -0.00402083 -0.00357992 0.000962013 0.0041039 0.0030858 -0.00484675 0.00485949 0.00196727 0.0092145 -0.00351429 0.00736988 0.00512377 0.00103983 -0.0038241 -0.00180787 -0.00737985 0.000667088 2.45917e-05 0.00326825 -0.000975887 0.00654095 0.000530082 0.00205218
internal_weight=6771.31 2865.09 3906.22 3217.01 2617.47 458.345 2159.12 1316.65 842.474 689.206 2221.27 599.547 535.381 581.955 643.817 299.158 128.83 170.328 344.659 254.899 400.533 515.536 328.988 186.548 2143.59 1719 424.598 184.862 239.735 1657.36 486.093
internal_count=27970 11806 16164 13335 10794 1856 8938 5397 3541 2829 9158 2541 2248 2396 2648 1227 531 696 1421 1055 1622 2129 1358 771 8840 7042 1798 748 1050 6786 2013
is_linear=0
shrinkage=0.05


Tree=58
num_leaves=32
num_cat=0
split_feature=4 4 4 1 4 1 3 1 1 3 4 1 3 3 1 3 3 1 4 3 4 3 1 4 3 3 1 1 3 4 4
split_gain=3.52658 2.83394 3.02862 5.13464 3.13275 2.69665 4.3832 2.71762 3.53865 2.77398 3.71386 2.68074 3.12558 10.9944 2.65278 2.6404 2.16794 2.10842 4.47799 4.10924 6.00836 5.97792 2.5469 3.60735 2.05918 2.19975 1.81328 1.78581 1.70669 1.33671 3.49704
threshold=0.96596910121200152 1.1590733335721413 1.2191801618407283 3083.3333333333335 1.1947705808253419 1083.3333333333337 0.020724182742921027 38916.666666666679 42416.666666666679 -0.00090466559661532759 0.38792542104925209 71083.333333333358 -0.00061487112631730505 -0.0026960553962743629 2416.6666666666674 0.00041482320713289426 0.074375793676680388 8250.0000000000018 0.98697464435612881 0.0020155580655950873 1.039832216562641 -0.0048934020127387179 4416.666666666667 1.0688994183608775 0.022661598273333385 0.066591169161765607 110583.33333333336 7083.3333333333348 0.065532227072892371 0.72352711164540706 0.66389478456068807
decision_type=2 2 2 2 2 2 2 2 2 2 2 2 2 2 2 2 2 2 2 2 2 2 2 2 2 2 2 2 2 2 2
left_child=5 17 3 -3 -5 16 7 9 -9 14 -11 12 13 -4 -7 -14 28 18 -2 21 -21 -19 23 -20 -8 27 -10 -26 29 30 -1
right_child=1 2 11 4 -6 6 24 8 26 10 -12 -13 15 -15 -16 -17 -18 19 22 20 -22 -23 -24 -25 25 -27 -28 -29 -30 -31 -32
leaf_value=-0.003953649816322069 0.015275207741629366 0.0062598844560835948 0.00093318810157585639 -0.0046013330336485544 -0.019776626649300792 0.006110607832465525 0.013214767733289879 0.014213167636957989 0.0023727782028412489 0.0068097380621725814 -0.0011615295651018365 -0.0067152600820875822 -0.0093225876801109019 0.018431726981375168 -0.0046161179836721597 0.0010325342434187325 0.0031296957776377125 0.014717648137943627 0.0074849839852469627 0.0021585689262138491 0.020723464209537006 -0.0022321760212104919 -0.0069861115506992593 -0.0035540758805291729 0.00052825841658090734 0.013041748463734404 -0.007181681388363107 0.008196186818613142 -0.012153373080894488 -0.0070182732404368139 0.010171841906181086
leaf_weight=276.84820105135441 53.58587221801281 69.660345509648323 365.56776209175587 91.427534952759743 54.152094170451164 62.239504903554916 54.015562281012535 57.884546592831612 342.53312456607819 167.40395565330982 1149.287879139185 96.709341794252396 65.144337996840477 118.98099058866501 779.55048806965351 1118.8519756793976 107.23863206803799 72.484054699540138 154.92048066854477 78.508183002471924 97.966873869299889 184.23980396986008 100.85645158588886 141.69149352610111 401.9092111736536 49.395970091223717 58.078321471810341 93.617739960551262 66.375528827309608 186.35752061009407 52.054621741175652
leaf_count=1143 224 289 1501 376 222 261 222 234 1386 681 4716 397 266 484 3280 4633 433 294 644 318 398 751 418 591 1656 237 236 426 267 771 215
internal_value=0.000413781 0.00174614 0.000695337 -0.00490415 -0.0102462 -0.000563707 4.44292e-05 -0.000838659 0.00265734 -0.00158126 -0.000148064 0.00137809 0.00184718 0.00522996 -0.00382302 0.000462788 -0.00340271 0.00409968 0.00170697 0.00659101 0.0124645 0.00255348 -0.000122272 0.00221163 0.00390296 0.00297993 0.000987628 0.00197693 -0.00460712 -0.00363501 -0.00171804
internal_weight=6769.54 2864.75 1980.49 215.24 145.58 3904.79 3215.92 2616.98 458.496 2158.48 1316.69 1765.25 1668.55 484.549 841.79 1184 688.875 884.253 451.054 433.199 176.475 256.724 397.468 296.612 598.938 544.923 400.611 495.527 581.636 515.26 328.903
internal_count=27970 11806 8168 887 598 16164 13335 10794 1856 8938 5397 7281 6884 1985 3541 4899 2829 3638 1877 1761 716 1045 1653 1235 2541 2319 1622 2082 2396 2129 1358
is_linear=0
shrinkage=0.05


Tree=59
num_leaves=32
num_cat=0
split_feature=4 4 3 4 4 1 4 1 1 3 1 1 3 1 3 1 3 1 1 4 3 4 3 4 3 3 3 1 1 3 3
split_gain=3.18259 2.55798 2.76531 4.35252 4.79267 2.56093 3.84332 3.46264 2.43511 3.95957 2.4529 3.18905 2.50649 3.43674 2.54561 2.01856 1.95775 1.90369 4.16631 5.99204 3.71297 5.43132 5.38836 1.87946 1.85967 1.99933 1.68807 1.64982 1.61773 1.60349 3.76402
threshold=0.96596910121200152 1.1590733335721413 0.07585462638244074 1.2191801618407283 1.2023367516145065 916.66666666666686 1.4178710168632118 9750.0000000000018 1083.3333333333337 0.020724182742921027 38916.666666666679 42416.666666666679 -0.00090466559661532759 2416.6666666666674 -0.015106965155248515 15250.000000000002 0.074375793676680388 8250.0000000000018 4416.666666666667 1.0688994183608775 0.0020155580655950873 1.039832216562641 -0.0048934020127387179 1.0517231190197136 0.022661598273333385 0.066591169161765607 0.0038407116120990829 1416.6666666666667 7083.3333333333348 0.047611026380430528 0.04038110521875133
decision_type=2 2 2 2 2 2 2 2 2 2 2 2 2 2 2 2 2 2 2 2 2 2 2 2 2 2 2 2 2 2 2
left_child=8 17 3 4 15 6 -5 -7 16 10 12 -12 14 -14 -10 -3 29 18 19 27 22 -22 -19 -20 -11 28 -13 -2 -26 30 -1
right_child=1 2 -4 5 -6 7 -8 -9 9 24 11 26 13 -15 -16 -17 -18 20 23 -21 21 -23 -24 -25 25 -27 -28 -29 -30 -31 -32
leaf_value=-0.0047254644836482928 0.0056108167114245532 0.0017196490701972948 0.012460598264857646 0.005947177264149151 -0.019499721159497916 0.0043774737162162155 -0.0090011927447589367 -0.0003926683121106458 0.0025679196514221754 0.01256411301586171 0.013487374183626735 0.0022579944539597393 -0.0072672592209839211 0.000775003743033535 -0.0048546315567047672 -0.010482828603964142 0.0029735531861071769 0.013965041657524541 -0.013561278249502691 -0.0033772623138831163 0.0020507356414644919 0.019705386496837403 -0.0021212194187477883 -0.00075045009613447467 0.00050186979969482246 0.012451511856986723 -0.0070429097838317356 0.014835137745885267 0.0078081254018844241 -0.0077677335888000068 0.0085364306337336292
leaf_weight=297.96952356398106 98.503534704446793 109.06586255133152 48.434611469507217 63.503256514668465 52.551187783479691 728.88679113984108 133.17199103534222 795.80409914255142 138.22706732153893 53.973300203680992 57.947811841964722 343.78404814004898 149.90886111557484 1166.7063781172037 702.89996659755707 49.170136094093323 107.22660599648952 72.568597957491875 52.461982622742653 141.65508918464184 78.504631638526917 97.879127755761147 184.18461135029793 63.022901922464371 401.89037597179413 49.156857535243034 56.851928278803825 95.439990758895874 93.363643392920494 218.13370704650879 65.212958797812462
leaf_count=1252 404 452 214 260 216 3028 546 3252 586 222 234 1394 640 4757 2955 200 433 294 218 591 318 398 751 261 1656 237 228 403 426 881 263
internal_value=0.000393131 0.00165872 0.000660439 0.000364636 -0.006417 0.00119507 -0.00417461 0.00188772 -0.000535756 4.22214e-05 -0.000796982 0.00252391 -0.00150277 -0.000140683 -0.00363484 -0.00207214 -0.00323425 0.0038948 0.00162142 0.00444026 0.00626237 0.0118477 0.00242539 -0.0065701 0.00371149 0.00283383 0.000938157 0.0101501 0.00187922 -0.00437931 -0.00234416
internal_weight=6768.06 2864.81 1980.59 1932.15 210.787 1721.37 196.675 1524.69 3903.25 3214.71 2616.33 458.584 2157.74 1316.62 841.127 158.236 688.543 884.22 451.083 335.599 433.137 176.384 256.753 115.485 598.384 544.411 400.636 193.944 495.254 581.316 363.182
internal_count=27970 11806 8168 7954 868 7086 806 6280 16164 13335 10794 1856 8938 5397 3541 652 2829 3638 1877 1398 1761 716 1045 479 2541 2319 1622 807 2082 2396 1515
is_linear=0
shrinkage=0.05


Tree=60
num_leaves=21
num_cat=0
split_feature=1 3 3 3 3 4 4 4 1 1 3 3 3 4 3 4 3 3 3 3
split_gain=2.36888 2.50169 3.26301 6.13941 3.36066 4.30758 3.61398 2.60304 2.46249 2.40471 2.33889 2.28114 3.58191 2.2493 2.04193 2.28511 1.99179 3.82843 1.78862 1.25326
threshold=1416.6666666666667 0.066591169161765607 0.039608951256129628 0.043358156653060406 0.022203946264665621 0.87946702772245555 1.7314800826628243 1.132525048297091 104083.33333333336 13083.333333333334 0.00048784194451371613 0.093488350843671825 0.078622165829291768 0.70658391175762092 0.067635830357238386 0.8971415253862054 0.0060108777002229703 0.015101135129974189 0.024836579451171337 -0.0014179928932796697
decision_type=2 2 2 2 2 2 2 2 2 2 2 2 2 2 2 2 2 2 2 2
left_child=11 2 4 -4 8 18 -7 13 9 -2 -10 12 14 -5 16 -16 19 -18 -6 -1
right_child=1 -3 3 7 5 6 -8 -9 10 -11 -12 -13 -14 -15 15 -17 17 -19 -20 -21
leaf_value=-0.00036391813820283695 -0.00071669844168100968 0.010838325663675133 -0.018666099869780229 0.0027531889456965629 0.016906126866639445 -0.0020619539221411209 0.01225319366725053 0.0079316656314950499 -0.00090932113711924471 0.0016323743357453185 -0.014095368716909777 0.0077911116300055832 -0.01322792520170068 -0.010884420726340218 0.011673293953392245 -0.0028035725586595117 -0.011830412201257927 -0.0019108415058298911 0.0069503033461172275 0.0090286859331806055
leaf_weight=95.197082698345184 2101.8172090053558 58.796893700957298 62.674677342176437 55.044159784913063 59.781661003828049 249.74376921355724 53.541478708386421 60.688965201377869 83.102488249540329 2261.8732207417488 56.489161819219589 59.994939401745796 69.472146883606911 67.082579776644707 58.73955462872982 50.859905883669853 109.40917482972145 876.60565961897373 183.85914319753647 56.648428112268448
leaf_count=397 8724 303 262 242 248 1030 234 280 339 9191 229 245 284 301 238 208 472 3580 766 243
internal_value=0.000105889 0.000581535 0.000467656 -0.00516165 0.000741296 0.00444237 0.000465219 -0.000531921 0.000291799 0.000500919 -0.00624538 -0.00174377 -0.00217815 -0.00473777 -0.00156277 0.00495527 -0.0021906 -0.00301153 0.00939314 0.00314014
internal_weight=6731.42 5354.5 5295.7 245.49 5050.21 546.926 303.285 182.816 4503.28 4363.69 139.592 1376.93 1316.93 122.127 1247.46 109.599 1137.86 986.015 243.641 151.846
internal_count=27816 22149 21846 1085 20761 2278 1264 823 18483 17915 568 5667 5422 543 5138 446 4692 4052 1014 640
is_linear=0
shrinkage=0.05


Tree=61
num_leaves=17
num_cat=0
split_feature=1 3 3 1 4 4 3 4 3 3 3 3 4 4 4 3
split_gain=2.18045 3.78754 2.3243 2.28488 2.16574 6.71985 4.26615 3.2916 2.2034 4.41527 6.23364 3.37827 2.03482 4.74501 3.35804 1.27208
threshold=2416.6666666666674 0.056404018168972163 -0.025368740617890528 104083.33333333336 0.39580687231468925 0.33450334251730041 0.019428982309800742 0.45373234569149629 -0.00061487112631730505 0.0045720165182532276 0.0074485631771657743 -0.0099611956244749691 0.38031361105972794 0.45373234569149629 0.2141248962558602 0.00048784194451371613
decision_type=2 2 2 2 2 2 2 2 2 2 2 2 2 2 2 2
left_child=4 2 -2 12 5 6 -1 -6 11 -10 -11 -9 14 -14 -4 -5
right_child=1 -3 3 15 7 -7 -8 8 9 10 -12 -13 13 -15 -16 -17
leaf_value=-0.010098268049405116 -0.0088995594264425701 0.014352380160765532 -0.0041132539966822453 -0.001533779918506068 0.0096206391002800033 -0.020811004802207753 0.01023145787600396 -0.0019885115857010043 -0.015988068500625389 0.015268158472455046 -0.0019507685411666153 0.013051244281733579 -0.007221986209784515 0.00093864332115786784 0.0082899626158545858 -0.011081761681177383
leaf_weight=48.760716751217842 64.500790894031525 50.062537729740143 74.374538093805313 82.597040429711342 72.467895984649658 56.215826064348221 54.815283924341202 86.858914062380791 53.141948446631432 54.554949179291725 1438.6363663673401 65.490568488836288 186.26630912721157 4076.4280481338501 204.93914489448071 60.389393717050552
leaf_count=201 276 259 304 337 301 233 223 366 228 231 5936 273 772 16788 840 248
internal_value=0.000100632 0.000671457 0.000527252 0.000657036 -0.00131821 -0.00689313 0.000660785 -0.000815249 -0.00126046 -0.00182569 -0.00132166 0.00447664 0.000852952 0.00058205 0.00498728 -0.00556631
internal_weight=6730.5 4799.56 4749.5 4684.99 1930.94 159.792 103.576 1771.15 1698.68 1546.33 1493.19 152.349 4542.01 4262.69 279.314 142.986
internal_count=27816 19824 19565 19289 7992 657 424 7335 7034 6395 6167 639 18704 17560 1144 585
is_linear=0
shrinkage=0.05


Tree=62
num_leaves=19
num_cat=0
split_feature=1 4 4 3 3 3 3 1 4 4 4 3 3 1 4 4 4 3
split_gain=1.97718 3.23189 4.0799 1.93504 3.21832 6.43259 4.68234 2.57538 2.40969 2.92593 2.63567 2.37496 2.31019 2.11105 1.62993 4.70904 2.47903 1.88414
threshold=916.66666666666686 0.39580687231468925 0.46465708786298671 0.066591169161765607 0.039608951256129628 0.043358156653060406 0.035345302280308924 1583.3333333333337 1.132525048297091 0.77501442460188774 1.4778317000082313 0.033309695142484746 0.022203946264665621 3583.3333333333335 1.4918598612899392 1.302834515416565 1.0880059073419517 0.045682315610640907
decision_type=2 2 2 2 2 2 2 2 2 2 2 2 2 2 2 2 2 2
left_child=1 -1 -3 4 6 -6 11 -5 9 -7 -10 12 -2 -8 15 16 -4 -16
right_child=3 2 14 7 5 8 13 -9 10 -11 -12 -13 -14 -15 17 -17 -18 -19
leaf_value=-0.011554712513863996 0.00018247114453019052 0.012341877993647957 -0.00098272503266569095 -0.00013739173628762402 -0.016851754691769819 0.0013806251085400332 0.016766038068299082 0.015835116558132561 0.014077980475210443 -0.011232526165218271 -0.0027335399111209544 -0.010467856930688024 0.0038013496990756419 0.0027496729776625307 -0.01332091039717901 0.012132209667185494 -0.0095658156668064973 -0.0011952510927917654
leaf_weight=80.878143921494484 4641.8434572517872 52.968636229634285 555.949059933424 54.243586748838425 79.004568487405777 108.53740152716637 63.557287126779556 47.193840071558952 47.715145140886307 79.771690115332603 45.589361533522606 49.596664756536484 487.29657910764217 46.531188368797302 63.013079971075058 62.031470075249672 99.12690058350563 65.168676912784576
leaf_count=331 19071 217 2284 235 328 465 256 252 209 346 206 205 2023 202 261 254 407 264
internal_value=9.556e-05 -0.00198141 -0.00111944 0.000449182 0.000326284 -0.00424394 0.000637905 0.00729383 -0.00070691 -0.00396257 0.00586373 0.000420994 0.000526285 0.0108417 -0.00196297 -0.00103471 -0.00228153 -0.00715612
internal_weight=6730.02 979.136 898.258 5750.88 5649.44 360.618 5288.83 101.437 281.614 188.309 93.3045 5178.74 5129.14 110.088 845.289 717.107 655.076 128.182
internal_count=27816 4018 3687 23798 23311 1554 21757 487 1226 811 415 21299 21094 458 3470 2945 2691 525
is_linear=0
shrinkage=0.05


Tree=63
num_leaves=25
num_cat=0
split_feature=1 3 3 3 1 3 4 3 3 1 1 1 3 1 1 4 4 3 3 3 4 3 1 4
split_gain=1.88612 3.28811 2.2272 3.35743 9.2007 4.03006 2.66761 2.48396 1.95492 4.67112 6.4729 4.10202 3.74542 3.12253 2.42183 1.86958 3.43067 3.24908 5.32099 4.538 2.6351 2.46831 1.57069 0.505038
threshold=2416.6666666666674 0.056404018168972163 -0.0033686392502622264 -0.0015333177335933171 8416.6666666666697 -0.0012663580152871702 0.91505859558605673 -0.0021038939335694747 -0.0053072311461813048 26250.000000000004 38916.666666666679 20083.333333333339 -0.0084971520185154782 7750.0000000000009 29083.333333333339 1.8613767669713106 1.4918598612899392 -0.00071264728575282695 0.0038407116120990829 -0.0084971520185154782 1.6034524616683024 0.093488350843671825 916.66666666666686 0.71890766877858348
decision_type=2 2 2 2 2 2 2 2 2 2 2 2 2 2 2 2 2 2 2 2 2 2 2 2
left_child=15 2 8 4 -4 -5 -7 -6 11 13 -11 12 -2 -10 -13 16 17 19 -19 23 -18 -20 -17 -1
right_child=1 -3 3 5 7 6 -8 -9 9 10 -12 14 -14 -15 -16 22 20 18 21 -21 -22 -23 -24 -25
leaf_value=-0.0040764102484122135 3.5507589112192152e-05 0.013434854649749986 0.020188280702130676 -0.010975528694800169 -0.0015749587893332329 0.00219781662236271 -0.0007125247460054141 0.0074549146818648762 -0.0093551715597271559 -0.025572400745601978 -0.0028501630751955067 0.010652121182965071 -0.0092756298687181136 0.0047828379961356018 0.0011480304485626622 -0.0013693223217821834 -0.018251420209706014 -0.017595967971985836 -0.0016128454931181653 0.017624409367418055 -0.003709609169122659 0.0090045878669697526 0.0091608958338844585 0.003136893441187184
leaf_weight=48.964204668998718 341.06222598254681 49.552596554160118 83.138686433434486 74.256448611617088 216.60023199021816 1649.8537528216839 1506.1369317471981 117.45877073705196 56.911831587553024 52.752768844366074 77.226286664605141 104.41671019792557 158.05272054672241 124.46682949364185 187.19981306791306 65.959909960627556 51.685298055410385 51.207351610064507 1398.8903060257435 53.59507691860199 78.420302957296371 56.968703374266624 76.46498566865921 48.106813386082649
leaf_count=204 1447 259 345 306 890 6773 6184 483 239 217 314 423 671 515 758 269 215 221 5774 224 325 238 318 204
internal_value=9.08179e-05 0.000621698 0.000488017 0.00108318 0.00530429 0.000538012 0.000808911 0.00160004 -0.00148173 -0.00483764 -0.0120721 -0.000160304 -0.00291301 0.000346704 0.00455108 -0.00122908 -0.00166828 -0.00105467 -0.00175457 0.00594619 -0.00948644 -0.00119738 0.00428413 -0.000501615
internal_weight=6729.35 4799.09 4749.53 3647.44 417.198 3230.25 3155.99 334.059 1102.09 311.358 129.979 790.731 499.115 181.379 291.617 1930.26 1787.84 1657.73 1507.07 150.666 130.106 1455.86 142.425 97.071
internal_count=27816 19824 19565 14981 1718 13263 12957 1373 4584 1285 531 3299 2118 754 1181 7992 7405 6865 6233 632 540 6012 587 408
is_linear=0
shrinkage=0.05


Tree=64
num_leaves=24
num_cat=0
split_feature=4 1 1 4 4 1 1 4 4 3 3 3 3 3 4 4 4 1 1 3 3 4 4
split_gain=1.7313 1.69678 3.93619 3.80629 2.46293 2.20937 9.59549 5.67709 2.45139 2.35246 9.52176 7.70981 2.50303 2.32348 1.75355 3.87373 3.53198 3.68189 2.82693 2.29478 1.75654 1.74096 1.52455
threshold=4.175047981163817 10583.333333333334 9083.3333333333339 0.79512871685625452 1.034622748635929 51250.000000000007 55083.333333333336 0.47573386720400995 0.90578007324059862 -0.00034140463269356135 0.00082234367917954096 0.0017833500284977495 -0.00082481789602232376 0.00041482320713289426 1.8613767669713106 2.2210018760442534 1.4918598612899392 1416.6666666666667 3583.3333333333335 0.022661598273333385 0.093488350843671825 0.59710001118644029 0.66760301748695638
decision_type=2 2 2 2 2 2 2 2 2 2 2 2 2 2 2 2 2 2 2 2 2 2 2
left_child=1 2 14 21 -5 9 -7 -8 -9 12 13 -12 22 -11 16 18 20 -18 -16 -17 -1 -4 -3
right_child=-2 5 3 4 -6 6 7 8 -10 10 11 -13 -14 -15 15 19 17 -19 -20 -21 -22 -23 -24
leaf_value=-0.00025909030587208381 0.0090450688951315503 -0.0025724138147588493 -0.0079682303035367632 0.0073771411680264957 -0.0065971457505721552 -0.019729759042986933 0.016011766112258834 0.0030398116069578767 -0.0047081888226270475 0.0098732541906057115 -0.010110547797429637 0.002914254317621422 -0.0095907314576745093 0.022127448997936991 0.0040835378653725817 -0.0070857166786371627 -0.014487134084775434 -0.001959500325281457 0.019649987091114707 0.0056210027228973287 0.0084176095679443577 -0.021257131140635131 0.0018361440683582995
leaf_weight=3075.8421593904495 53.498202711343765 280.47581000626087 50.843332186341286 49.549003347754478 86.706475958228111 66.296183809638023 52.953333124518394 179.37959621846676 236.92572821676731 117.25855723023415 129.36849717795849 933.11189194023609 65.652549847960472 57.724578633904457 74.167350307106972 86.194133058190346 87.688850164413452 177.11206874251366 48.06864807009697 60.451168194413185 59.457219868898392 47.833612501621246 651.91864690184593
leaf_count=12823 218 1160 211 205 359 269 213 728 965 477 527 3819 268 235 308 351 363 741 202 258 253 200 2663
internal_value=8.61963e-05 1.43932e-05 -0.000657239 -0.00693145 -0.00151543 0.000960598 -0.00192388 0.000591711 -0.00136969 0.00165162 0.00310826 0.00132834 -0.000154441 0.0139157 -0.000255488 0.00363157 -0.000562879 -0.00610803 0.010205 -0.00184766 -9.4547e-05 -0.01441 0.000509995
internal_weight=6728.48 6674.98 3903.91 234.932 136.255 2771.07 535.555 469.259 416.305 2235.51 1237.46 1062.48 998.047 174.983 3668.98 268.881 3400.1 264.801 122.236 146.645 3135.3 98.6769 932.394
internal_count=27816 27598 16274 975 564 11324 2175 1906 1693 9149 5058 4346 4091 712 15299 1119 14180 1104 510 609 13076 411 3823
is_linear=0
shrinkage=0.05


Tree=65
num_leaves=14
num_cat=0
split_feature=3 3 1 3 3 3 4 3 3 3 1 4 4
split_gain=2.48257 5.86647 15.9307 5.05373 2.75435 3.67854 3.42157 2.65949 2.3187 4.49725 1.97204 1.67299 2.48787
threshold=0.0057267143615375897 0.0050797416339528551 9583.3333333333339 0.0060108777002229703 0.0065317148156166524 0.0078929256278517275 0.79103465335193979 0.008508458052985687 0.0045720165182532276 0.0041175481295014993 11583.333333333334 0.2141248962558602 0.31263687614134456
decision_type=2 2 2 2 2 2 2 2 2 2 2 2 2
left_child=1 8 -3 -2 -5 6 -6 -7 9 11 -9 -1 -13
right_child=3 2 -4 4 5 7 -8 10 -10 -11 -12 12 -14
leaf_value=-0.0087207461889806295 0.016446748704511443 -0.033787299935281949 0.0049148775473956997 -0.008367329062969232 0.016769805164730225 -0.0083058433416339054 0.0021934066141323432 0.00046531305302515563 0.0079644047379654106 -0.012307751562244123 0.0044281740350951074 0.0090966482760839185 -0.00039692054733744147
leaf_weight=58.424394622445107 52.905964717268944 47.860942408442497 59.824873387813568 78.77393314242363 69.863290265202522 79.798217684030533 95.008132055401802 2595.5677423477173 80.307991102337837 80.482335239648819 357.1290480196476 70.620760902762413 3024.4311059713364
leaf_count=240 215 201 240 320 284 327 384 10785 328 328 1502 288 12477
internal_value=0.000144544 -0.000801169 -0.0122863 0.00111665 0.000869086 0.00109664 0.00837007 0.000701201 -0.000427999 -0.000636405 0.000944622 -0.000338531 -0.000180303
internal_weight=6751 3421.95 107.686 3329.05 3276.14 3197.37 164.871 3032.5 3314.27 3233.96 2952.7 3153.48 3095.05
internal_count=27919 14102 441 13817 13602 13282 668 12614 13661 13333 12287 13005 12765
is_linear=0
shrinkage=0.05


Tree=66
num_leaves=14
num_cat=0
split_feature=3 3 1 3 3 3 4 3 3 3 1 4 4
split_gain=2.24092 5.31428 14.502 4.55328 2.48734 3.31705 3.08145 2.40226 2.09106 4.06473 1.78137 1.51168 2.2529
threshold=0.0057267143615375897 0.0050797416339528551 9583.3333333333339 0.0060108777002229703 0.0065317148156166524 0.0078929256278517275 0.79103465335193979 0.008508458052985687 0.0045720165182532276 0.0041175481295014993 11583.333333333334 0.2141248962558602 0.49099640878167722
decision_type=2 2 2 2 2 2 2 2 2 2 2 2 2
left_child=1 8 -3 -2 -5 6 -6 -7 9 11 -9 -1 -13
right_child=3 2 -4 4 5 7 -8 10 -10 -11 -12 12 -14
leaf_value=-0.0082938391646525927 0.015601614556922156 -0.032327586457572562 0.0046682062150213248 -0.0079548711146453441 0.015910920828159331 -0.0078984286085378008 0.0020833970829746114 0.00044204661836480768 0.0075597514021598731 -0.011707950589895174 0.0042095028065902715 0.0033762602793026351 -0.00068428018465792155
leaf_weight=58.361717119812965 52.981256410479546 47.529502794146538 59.836454018950462 78.716915801167488 69.950498849153519 79.720658376812935 95.023194372653961 2595.5719861090183 80.374569565057755 80.377908930182457 356.90276309847832 390.99280713498592 2703.9435041993856
leaf_count=240 215 201 240 320 284 327 384 10785 328 328 1502 1623 11142
internal_value=0.000137268 -0.000761333 -0.0117093 0.00106085 0.000825683 0.00104187 0.00794641 0.00066621 -0.000406648 -0.000604657 0.000897466 -0.000321633 -0.0001713
internal_weight=6750.28 3421.42 107.366 3328.87 3275.89 3197.17 164.974 3032.2 3314.05 3233.68 2952.47 3153.3 3094.94
internal_count=27919 14102 441 13817 13602 13282 668 12614 13661 13333 12287 13005 12765
is_linear=0
shrinkage=0.05


Tree=67
num_leaves=12
num_cat=0
split_feature=4 3 3 3 3 3 3 3 1 4 1
split_gain=2.13674 2.42652 4.50794 4.46114 7.32454 3.58352 5.21781 2.35071 5.16434 1.74346 1.33384
threshold=4.175047981163817 0.031196380064465585 0.029613915315875771 0.033309695142484746 0.035345302280308924 0.028495414205501817 0.027464621710621515 0.037388873613864962 5250.0000000000009 0.90182697226089437 2750.0000000000005
decision_type=2 2 2 2 2 2 2 2 2 2 2
left_child=1 2 5 9 -5 6 10 -6 -9 -3 -1
right_child=-2 3 -4 4 7 -7 -8 8 -10 -11 -12
leaf_value=-0.0020600777980359815 0.010029355892741169 0.018090156413675094 -0.01236795708992755 -0.017010849387990492 0.010143449163533807 0.010221658260030861 -0.016432174080413565 0.00049853632507012224 0.015535433009800887 0.0052932498370916181 0.00010304712740569029
leaf_weight=855.04560621082783 54.077418133616447 53.855080902576447 77.904997751116753 53.41586272418499 80.896038949489594 80.4241753667593 50.347381472587585 1051.053270637989 60.380611941218376 52.623112097382545 4279.5579388290644
leaf_count=3607 222 221 321 221 334 333 213 4372 310 216 17549
internal_value=0.000130358 5.04067e-05 -0.000428433 0.00194253 0.00110291 -0.000251779 -0.000414234 0.0019144 0.00131544 0.0117657 -0.00025717
internal_weight=6749.58 6695.5 5343.28 1352.22 1245.75 5265.38 5184.95 1192.33 1111.43 106.478 5134.6
internal_count=27919 27697 22023 5674 5237 21702 21369 5016 4682 437 21156
is_linear=0
shrinkage=0.05


Tree=68
num_leaves=15
num_cat=0
split_feature=3 3 1 3 3 3 4 3 3 3 1 1 1 3
split_gain=1.99184 4.80926 13.1775 4.12183 2.23023 3.01165 2.78054 2.15305 1.89251 3.67719 1.59541 1.37044 4.48418 2.7368
threshold=0.0057267143615375897 0.0050797416339528551 9583.3333333333339 0.0060108777002229703 0.0065317148156166524 0.0078929256278517275 0.79103465335193979 0.008508458052985687 0.0045720165182532276 0.0041175481295014993 11583.333333333334 95916.666666666672 68416.666666666672 -1.0000000180025095e-35
decision_type=2 2 2 2 2 2 2 2 2 2 2 2 2 2
left_child=1 8 -3 -2 -5 6 -6 -7 9 11 -9 12 -1 -13
right_child=3 2 -4 4 5 7 -8 10 -10 -11 -12 13 -14 -15
leaf_value=-0.00049947777949952159 0.014821417088130838 -0.030914170459320531 0.0044226173140908204 -0.0075469637416707095 0.015113304771624257 -0.0074952465479778884 0.0019822912117949849 0.0004053511192990687 0.0071896977418591385 -0.011142745802526504 0.0039722232373124331 0.00030214854400246571 0.0086940041484059403 -0.01368124064295953
leaf_weight=2865.2724642455578 53.041871905326843 47.182208389043808 59.847070023417473 78.653121128678322 70.019629031419754 79.636248677968979 95.03330260515213 2595.0639628320932 80.428868398070335 80.271856963634491 356.57748231291771 92.447639137506485 139.07453946769238 56.300958201289177
leaf_count=11836 215 201 240 320 284 327 384 10785 328 328 1502 377 563 229
internal_value=0.000123893 -0.000723354 -0.0111551 0.000994764 0.000770826 0.000975505 0.0075528 0.000617371 -0.00038643 -0.000574883 0.000836252 -0.000305845 -7.39014e-05 -0.00499053
internal_weight=6748.85 3420.83 107.029 3328.03 3274.98 3196.33 165.053 3031.28 3313.8 3233.37 2951.64 3153.1 3004.35 148.749
internal_count=27919 14102 441 13817 13602 13282 668 12614 13661 13333 12287 13005 12399 606
is_linear=0
shrinkage=0.05


Tree=69
num_leaves=12
num_cat=0
split_feature=4 3 3 3 3 3 3 3 1 4 3
split_gain=1.93306 2.14606 4.08966 4.02657 6.61478 3.21638 4.72937 2.1188 4.66821 1.57724 1.19142
threshold=4.175047981163817 0.031196380064465585 0.029613915315875771 0.033309695142484746 0.035345302280308924 0.028495414205501817 0.027464621710621515 0.037388873613864962 5250.0000000000009 0.90182697226089437 0.0057267143615375897
decision_type=2 2 2 2 2 2 2 2 2 2 2
left_child=1 2 5 9 -5 6 10 -6 -9 -3 -1
right_child=-2 3 -4 4 7 -7 -8 8 -10 -11 -12
leaf_value=-0.00079151687145400372 0.0095333761081709181 0.017176085625609291 -0.011776002738905994 -0.016172640146106997 0.0096123082265705921 0.0096846832529244933 -0.015643379089484908 0.00045336418995632345 0.014800721258634478 0.0050000495139909959 0.00081635520079289441
leaf_weight=3387.7271103858948 54.073404356837273 53.806524887681007 77.970338940620422 53.518622413277626 80.820925742387772 80.382160425186157 50.351804345846176 1051.0043102949858 59.927994802594185 52.593759417533875 1745.8951444923878
leaf_count=13971 222 221 321 221 334 333 213 4372 310 216 7185
internal_value=0.000117651 4.15913e-05 -0.000408726 0.00182142 0.00102372 -0.000240365 -0.000394262 0.00179596 0.00122732 0.0111575 -0.000244695
internal_weight=6748.07 6694 5342.33 1351.67 1245.27 5264.36 5183.97 1191.75 1110.93 106.4 5133.62
internal_count=27919 27697 22023 5674 5237 21702 21369 5016 4682 437 21156
is_linear=0
shrinkage=0.05


Tree=70
num_leaves=26
num_cat=0
split_feature=1 1 1 3 3 1 3 4 1 4 4 4 1 1 1 1 1 4 4 1 1 4 4 4 4
split_gain=1.91251 1.9301 1.92771 3.58747 2.92838 2.88821 2.7994 2.26467 2.20038 2.97166 2.16886 11.3159 3.52228 3.20647 3.1011 3.35093 2.71463 2.06249 3.70869 1.98086 1.89798 1.30906 1.28217 1.03578 0.222074
threshold=89416.666666666672 174583.33333333334 3250.0000000000005 0.028495414205501817 0.029613915315875771 2416.6666666666674 0.024836579451171337 0.86570880039896903 583.33333333333337 1.5865899313624323 0.45373234569149629 0.39580687231468925 25250.000000000004 7583.3333333333348 10583.333333333334 16250.000000000002 9750.0000000000018 2.3558252425121533 1.8613767669713106 5416.666666666667 29083.333333333339 1.4918598612899392 1.0944884415841183 0.89281248287641735 0.71465576594016378
decision_type=2 2 2 2 2 2 2 2 2 2 2 2 2 2 2 2 2 2 2 2 2 2 2 2 2
left_child=2 22 3 6 -5 21 8 -8 23 -10 11 19 -13 17 16 -16 -15 18 -12 -4 -21 -6 24 -1 -2
right_child=1 -3 10 4 5 -7 7 -9 9 -11 13 12 -14 14 15 -17 -18 -19 -20 20 -22 -23 -24 -25 -26
leaf_value=-0.00098217945595573727 -0.006986948606176705 0.0032889072091081177 -0.0063818969062776777 0.011762143705623444 0.0010995370460540757 -0.0089085221316465291 -0.019315619963259284 -0.0045038194743302739 -0.0050278822951296586 0.0041188042869633283 0.002792476798894032 -0.020709708240505612 -0.0041325493877252609 -0.0017482635401025503 0.0037024815693147911 -0.00063331819456431649 -0.010496033417483397 -0.0069856056027667607 0.016716692619921102 0.0071772871134827831 -0.0025731188865099372 -0.0040271257998630112 -0.014133206192405165 0.0077563677527095511 -0.0022642001156920537
leaf_weight=74.665665611624718 50.447984218597412 49.458755299448967 52.331365242600441 52.809536144137383 956.72280699014664 89.489117980003357 49.159259527921677 54.324691042304039 703.14567852020264 101.63512949645519 916.64823615550995 90.309499397873878 49.666567951440811 344.05227302014828 598.15956619381905 1747.4721568971872 119.48624052107334 49.100799351930618 50.45312924683094 171.85187955200672 70.337598621845245 143.14817948639393 55.634877443313599 62.125038221478462 49.134525164961815
leaf_count=317 204 205 220 215 3912 390 203 223 2980 420 3853 379 202 1434 2470 7124 496 207 211 707 283 592 227 262 200
internal_value=-0.000553179 -0.0053126 -0.000404389 -0.00157526 0.000241041 -0.000270515 -0.00373416 -0.0115401 -0.00287624 -0.00387275 0.000224281 -0.0031233 -0.0148278 0.000604509 -0.000266149 0.000472354 -0.00400317 0.00301134 0.0035189 0.00243945 0.00434554 0.000432302 -0.0080534 0.00298653 -0.00465672
internal_weight=6751.77 204.676 6547.09 2287.23 1242.17 1189.36 1045.06 103.484 941.572 804.781 4259.87 434.497 139.976 3825.37 2809.17 2345.63 463.539 1016.2 967.101 294.521 242.189 1099.87 155.217 136.791 99.5825
internal_count=27936 836 27100 9514 5109 4894 4405 426 3979 3400 17586 1791 581 15795 11524 9594 1930 4271 4064 1210 990 4504 631 579 404
is_linear=0
shrinkage=0.05


Tree=71
num_leaves=20
num_cat=0
split_feature=1 3 4 3 3 1 3 3 3 4 3 1 4 3 3 1 3 3 4
split_gain=1.72752 1.88024 2.12637 1.7873 4.30564 3.3261 1.90057 4.64273 4.88372 3.70027 2.61498 2.36966 1.74663 1.22123 2.46364 2.47281 1.95721 2.14425 1.01462
threshold=89416.666666666672 -0.0025826822680205465 0.93310687653457358 -0.0066273984905445742 -0.0077448653050572192 77916.666666666672 -0.0017868923771473001 -0.0013454362731337144 -0.00071264728575282695 0.80345404991771729 -0.0019814060100534982 16916.666666666668 0.87513100825535395 -0.015835535053945603 -0.022725876483076397 11916.66666666667 -0.014168875305688684 -0.01303748090272789 0.85718124567185405
decision_type=2 2 2 2 2 2 2 2 2 2 2 2 2 2 2 2 2 2 2
left_child=3 -2 -3 4 13 6 10 9 -9 -8 11 -5 -6 14 18 -16 -15 -18 -1
right_child=1 2 -4 5 12 -7 7 8 -10 -11 -12 -13 -14 16 15 -17 17 -19 -20
leaf_value=0.0067660589411970909 0.0032618609253782151 -0.0020496435213234409 -0.013822301135847814 0.0042863692067232071 -0.019111538535316996 0.012215040057749245 -0.020912053264070557 0.0081315393194225163 -0.00062614767059005936 -0.0028305914049211421 0.013325464756926584 -0.0013890204634155745 -0.0057343900689103451 0.0095234169498902739 -0.0032518995250053933 -0.017052410894727945 -0.010436211572965537 0.00066483330279730555 -0.0031517696561734576
leaf_weight=51.601165011525154 51.049941837787628 78.316754773259163 75.170828267931938 354.57034227252007 49.147433459758759 54.440571486949921 48.888993412256241 164.80775214731693 4668.8906757384539 67.169352725148201 48.526466444134712 382.15212464332581 48.462946191430092 51.730415746569633 87.162790969014168 51.719742819666862 50.465596795082092 315.14573794603348 51.548823863267899
leaf_count=221 208 318 310 1477 213 220 205 679 19308 277 199 1567 200 216 374 209 210 1307 218
internal_value=-0.000525641 -0.0050506 -0.00781532 -0.000384263 -0.00266903 -8.55244e-05 -0.00020229 -0.00056483 -0.000327549 -0.0104473 0.00208296 0.00134244 -0.0124699 -0.00121816 -0.00404377 -0.0083912 0.000420519 -0.000867452 0.00180966
internal_weight=6750.97 204.538 153.488 6546.43 756.985 5789.45 5735.01 4949.76 4833.7 116.058 785.249 736.722 97.6104 659.374 242.033 138.883 417.342 365.611 103.15
internal_count=27936 836 628 27100 3168 23932 23712 20469 19987 482 3243 3044 413 2755 1022 583 1733 1517 439
is_linear=0
shrinkage=0.05


Tree=72
num_leaves=17
num_cat=0
split_feature=3 1 1 4 4 1 4 4 3 3 4 1 1 1 4 1
split_gain=1.56476 1.68419 3.32274 2.96957 2.84581 2.88654 4.77854 3.19375 2.62726 4.12594 3.45926 2.09866 3.77269 2.99468 1.83046 0.671498
threshold=0.10577109307941887 3250.0000000000005 3083.3333333333335 2.6212611567779258 2.8730296977321461 7583.3333333333348 0.56357528318983652 0.60530528513884951 0.026974346701010603 0.024836579451171337 1.4918598612899392 10416.66666666667 9916.6666666666697 16250.000000000002 0.36470763167279147 14583.333333333334
decision_type=2 2 2 2 2 2 2 2 2 2 2 2 2 2 2 2
left_child=1 2 3 8 5 6 14 -8 9 -1 -10 12 -7 -13 -3 -6
right_child=-2 4 -4 -5 15 11 7 -9 10 -11 -12 13 -14 -15 -16 -17
leaf_value=-0.0028583765517272782 0.0078686098083338221 0.0026286811203141015 -0.012753804261859564 0.0097208448437318996 -0.012068329083204016 -0.0016286681071652706 0.016732050660117261 0.0033399867778963741 0.00084771350229839921 -0.017416298659898782 -0.0076341248770128729 0.0028800139280163142 -0.013558442084210346 -0.00095960905599652843 -0.0071394026669721073 -0.0044167351097413434
leaf_weight=862.89450646936893 55.406363487243652 69.449125185608864 65.862044855952263 58.884853512048721 50.248038291931152 397.45957672595978 47.015116080641747 838.54925294220448 1056.7910456210375 51.579559221863747 135.63982449471951 670.95776197314262 79.532592564821243 2088.6562366336584 155.00024136900902 66.781845897436142
leaf_count=3655 232 289 279 242 210 1658 197 3519 4335 212 562 2770 330 8516 658 272
internal_value=-0.000499452 -0.000568701 -0.00169024 -0.00135379 -7.97731e-06 0.00019918 0.00239939 0.00405098 -0.00166331 -0.00367949 -0.000117101 -0.000555395 -0.00361781 -2.60637e-05 -0.00411696 -0.00770203
internal_weight=6750.71 6695.3 2231.65 2165.79 4463.65 4346.62 1110.01 885.564 2106.9 914.474 1192.43 3236.61 476.992 2759.61 224.449 117.03
internal_count=27936 27704 9285 9006 18419 17937 4663 3716 8764 3867 4897 13274 1988 11286 947 482
is_linear=0
shrinkage=0.05


Tree=73
num_leaves=21
num_cat=0
split_feature=1 1 3 3 1 3 3 1 1 4 3 4 3 3 1 3 1 4 4 4
split_gain=1.53784 1.7771 1.60974 3.89833 3.01237 1.7204 5.38687 4.53149 3.16006 3.34716 2.91961 1.59282 1.10902 2.22447 2.24275 1.76389 2.02545 1.0903 0.922288 0.214539
threshold=89416.666666666672 174583.33333333334 -0.0066273984905445742 -0.0077448653050572192 77916.666666666672 -0.00061487112631730505 -0.00018429923375198965 17583.333333333339 2583.3333333333335 0.96596910121200152 0.00013532974781931394 0.87513100825535395 -0.015835535053945603 -0.022725876483076397 11916.66666666667 -0.014168875305688684 2750.0000000000005 1.0944884415841183 0.85718124567185405 0.71465576594016378
decision_type=2 2 2 2 2 2 2 2 2 2 2 2 2 2 2 2 2 2 2 2
left_child=2 17 3 12 5 8 7 -7 -4 -10 -8 -5 13 18 -15 -14 -17 19 -1 -2
right_child=1 -3 4 11 -6 6 10 -9 9 -11 -12 -13 15 14 -16 16 -18 -19 -20 -21
leaf_value=0.0064543042799716276 -0.0065390724937967231 0.0035067624216393676 0.012705958117892924 -0.018219594858751013 0.011642929197743363 -0.02125035318417931 0.00878842539568391 -0.0015113385882945538 -0.0014641246686406921 0.0043127324056972229 -0.00049251644292560171 -0.0054245412706266458 0.0090653919929408588 -0.0030641234910690944 -0.016215564548278782 -0.008647000916566323 0.00097033600160628382 -0.012996852722896989 -0.002999781089687448 -0.0018952471314959999
leaf_weight=51.670398890972137 50.40835876762867 49.458334684371948 60.691862374544144 48.881872415542603 54.4903843998909 57.1732157766819 86.386467799544334 59.163644045591354 596.26993346214294 432.70974798500538 4442.0661941617727 48.413534596562386 51.796380147337914 87.075813129544258 51.643284291028976 67.042439490556717 298.48235192894936 55.45686948299408 51.517401799559593 49.093290194869041
leaf_count=221 204 205 253 213 220 242 354 241 2484 1763 18375 200 216 374 209 282 1235 227 218 200
internal_value=-0.000474566 -0.00474518 -0.000341194 -0.00251022 -5.77364e-05 -0.000168919 -0.000588392 -0.011212 0.00161911 0.000965177 -0.00031547 -0.0118529 -0.00113134 -0.00382494 -0.00796023 0.000430044 -0.00079362 -0.00737896 0.00173427 -0.00424785
internal_weight=6749.89 204.417 6545.47 756.523 5788.95 5734.46 4644.79 116.337 1089.67 1028.98 4528.45 97.2954 659.228 241.907 138.719 417.321 365.525 154.959 103.188 99.5016
internal_count=27936 836 27100 3168 23932 23712 19212 483 4500 4247 18729 413 2755 1022 583 1733 1517 631 439 404
is_linear=0
shrinkage=0.05


Tree=74
num_leaves=17
num_cat=0
split_feature=3 1 4 3 3 4 4 1 4 1 4 4 1 4 4 4
split_gain=1.42383 5.23369 3.30764 2.48615 5.13348 2.66837 8.07592 2.64552 2.705 3.23551 2.36895 1.89625 1.61221 0.923098 2.20818 0.498443
threshold=0.074375793676680388 583.33333333333337 0.87946702772245555 0.065532227072892371 0.058158480259143712 1.0229840478324321 0.73474118287776824 2750.0000000000005 2.5195846976948748 2083.3333333333335 0.92859260532056709 2.8730296977321461 51250.000000000007 0.77105839629671147 1.132525048297091 3.6093014168844744
decision_type=2 2 2 2 2 2 2 2 2 2 2 2 2 2 2 2
left_child=3 2 -2 4 7 6 -5 8 9 -1 -3 12 -9 -6 -15 -13
right_child=1 10 -4 5 13 -7 -8 11 -10 -11 -12 15 -14 14 -16 -17
leaf_value=-0.0017594673319124487 0.0039080515514233081 0.0051791480824372538 -0.012751181928335638 -0.01413677192269777 0.012565935971727832 -0.014338017526383934 0.013444104963346654 0.00045168713529984141 0.0091643788929715326 -0.0079039462799673204 0.021574809196201153 -0.0093603517889086756 -0.0024981858593252902 -0.0019681834881119784 0.012835452956276619 -0.0028918406502821768
leaf_weight=1256.3706499934196 70.719504192471504 47.052263826131821 51.488149598240852 58.359343707561493 69.612465649843216 66.640738233923912 48.67971009016037 3987.5850333273411 48.701579540967941 258.29148042201996 41.429870128631592 62.445505827665329 524.05728794634342 52.890505030751228 48.09889417886734 56.934868589043617
leaf_count=5217 284 220 207 243 289 283 204 16468 198 1078 203 257 2129 219 204 233
internal_value=-0.000450949 0.00359473 -0.00311077 -0.00058131 -0.000420258 -0.0064835 -0.00159341 -0.000655909 -0.00243433 -0.00280727 0.0128561 -5.55407e-05 0.00010904 0.00813601 0.00508244 -0.00627539
internal_weight=6749.36 210.69 122.208 6538.67 6364.99 173.68 107.039 6194.39 1563.36 1514.66 88.4821 4631.02 4511.64 170.602 100.989 119.38
internal_count=27936 914 491 27022 26292 730 447 25580 6493 6295 423 19087 18597 712 423 490
is_linear=0
shrinkage=0.05


Tree=75
num_leaves=24
num_cat=0
split_feature=4 4 4 4 1 4 3 1 3 1 3 3 3 4 1 4 4 1 4 1 1 1 3
split_gain=2.64871 9.13015 8.59749 3.63023 3.23687 4.32169 3.26409 3.4219 3.14388 2.76529 2.11436 5.74565 5.63786 3.17444 2.93185 2.87215 2.46308 2.34927 3.29619 1.96469 2.76204 1.87686 1.22776
threshold=1.3934459785585513 1.1590733335721413 1.4178710168632118 1.4525995428688663 49583.333333333336 1.2945965922737037 0.043358156653060406 2583.3333333333335 0.063402702170335848 916.66666666666686 0.006972041480269405 0.0060108777002229703 0.0078929256278517275 0.69419810879290489 1083.3333333333337 0.83601846880100494 1.0688994183608775 2083.3333333333335 0.8394784623526298 1250.0000000000002 6916.666666666667 14416.66666666667 0.041395110199263473
decision_type=2 2 2 2 2 2 2 2 2 2 2 2 2 2 2 2 2 2 2 2 2 2 2
left_child=1 10 -2 -4 5 6 7 -3 9 -5 11 17 -12 -13 16 -16 -14 18 -1 -7 -21 -19 -11
right_child=2 4 3 8 -6 19 -8 -9 -10 22 12 13 14 -15 15 -17 -18 21 -20 20 -22 -23 -24
leaf_value=0.0093995590145905753 0.021550579486258995 -0.018617085786987744 -0.0089999984247893013 -0.0066848739444895916 -0.016264148201717565 0.0094399290367113264 0.0033007864155717805 -0.0067815709049798114 0.012117142397997178 0.0026098709628884897 0.0149433403809601 -0.021231911648876015 -0.00060890575679248661 -0.0033672798510978302 0.0007510474721214342 0.0054554808408860895 -0.011971063365317135 -0.0021895443287667004 -0.0054222020636170249 -0.0086874712938683207 0.0036625580789866278 0.00072670731749333722 -0.0055443114194815551
leaf_weight=137.43706478178501 55.128606885671616 78.126835778355598 79.02707913517952 96.333553671836853 64.171535298228264 52.284760296344757 59.290927216410637 279.73806403577328 73.042502462863922 916.53702150285244 76.79061558842659 49.507002964615822 683.11140199005604 49.961942672729492 870.47351314127445 517.21200783550739 51.278174951672554 922.15222328901291 51.591087237000465 78.137008622288704 107.63719798624516 1373.4820963293314 48.611063346266747
leaf_count=582 227 326 326 398 262 214 251 1145 321 3756 311 202 2800 203 3642 2166 210 3888 221 329 440 5597 219
internal_value=0.000179402 -0.000295451 0.00223888 0.0013616 -0.00554718 -0.00449757 -0.00756516 -0.00936543 0.00208336 0.00139291 0.000494435 -0.000475296 0.00163407 -0.0122587 0.00115246 0.00250446 -0.00140226 -3.56716e-06 0.00535428 0.000877845 -0.00153189 -0.000444746 0.00219917
internal_weight=6771.06 5502.38 1268.68 1213.55 719.386 655.215 417.156 357.865 1134.52 1061.48 4783 2584.13 2198.87 99.4689 2122.08 1387.69 734.39 2484.66 189.028 238.059 185.774 2295.63 965.148
internal_count=28036 22789 5247 5020 2967 2705 1722 1471 4694 4373 19822 10693 9129 405 8818 5808 3010 10288 803 983 769 9485 3975
is_linear=0
shrinkage=0.05


Tree=76
num_leaves=25
num_cat=0
split_feature=4 4 4 4 1 4 3 3 3 1 3 3 3 1 1 4 4 1 4 1 1 4 4 1
split_gain=2.39057 8.2465 7.74998 3.27771 2.93129 3.90639 2.95003 3.31562 2.84442 2.49678 1.92505 6.72337 4.36358 2.59477 2.23164 2.94742 2.33794 2.11769 2.96853 1.77213 2.49326 1.74448 1.38259 1.13644
threshold=1.3934459785585513 1.1590733335721413 1.4178710168632118 1.4525995428688663 49583.333333333336 1.2945965922737037 0.043358156653060406 0.0026027321925754681 0.063402702170335848 916.66666666666686 0.0067134768623633876 0.0060108777002229703 0.009373117496700686 4416.666666666667 1083.3333333333337 0.81923169718005839 1.0688994183608775 2083.3333333333335 0.8394784623526298 1250.0000000000002 6916.666666666667 0.96596910121200152 0.87946702772245555 13750.000000000002
decision_type=2 2 2 2 2 2 2 2 2 2 2 2 2 2 2 2 2 2 2 2 2 2 2 2
left_child=1 10 -2 -4 5 6 7 -3 9 -5 11 17 13 -12 16 -16 -14 18 -1 -7 -21 -19 -15 -11
right_child=2 4 3 8 -6 19 -8 -9 -10 23 12 -13 14 22 15 -17 -18 21 -20 20 -22 -23 -24 -25
leaf_value=0.0089104788517891474 0.020452893033116454 -0.0031328842520874619 -0.0085551727325569715 -0.006356076478301078 -0.015483706429565251 0.0089626244143174473 0.0031369835227971024 -0.012923004655392723 0.011532169238719522 0.0035928823191361129 0.016535887372793122 -0.014719655580775794 -0.00062705912239797155 0.0079448546824839594 0.00011320139635370333 0.0050330966162554528 -0.011754162331691848 -0.001081091707557475 -0.0051583342956568121 -0.0082555056675442523 0.0034787579810926644 0.002462752338181726 -0.0020859387239880499 0.00013210644580169642
leaf_weight=137.72410894930363 55.181494489312172 146.62271904945374 78.980496421456337 96.253116697072983 64.039179772138596 52.314922079443932 59.268160864710808 210.84628383815289 72.913596078753471 545.79428505897522 65.647208541631699 80.11555153131485 673.85116650164127 106.09514340758324 765.20289535820484 505.53281097114086 50.76364129781723 1868.8115888983011 51.520505338907242 78.114791020750999 107.65746450424194 426.51736736297607 50.802183166146278 419.56535828113556
leaf_count=582 227 606 326 398 262 214 251 865 321 2262 278 327 2760 426 3208 2123 208 7739 221 329 440 1746 204 1713
internal_value=0.000170398 -0.000280794 0.00212691 0.00129358 -0.00527394 -0.00427547 -0.00719445 -0.0089074 0.00197921 0.00132309 0.000469719 -0.000463134 0.00154843 0.00818926 0.000807772 0.00207047 -0.00140658 -3.43008e-06 0.00508034 0.000833796 -0.00145535 -0.000422576 0.00469696 0.00208876
internal_weight=6770.14 5501.45 1268.69 1213.51 718.864 654.824 416.737 357.469 1134.53 1061.61 4782.58 2564.69 2217.9 222.545 1995.35 1270.74 724.615 2484.57 189.245 238.087 185.772 2295.33 156.897 965.36
internal_count=28036 22789 5247 5020 2967 2705 1722 1471 4694 4373 19822 10615 9207 908 8299 5331 2968 10288 803 983 769 9485 630 3975
is_linear=0
shrinkage=0.05


Tree=77
num_leaves=25
num_cat=0
split_feature=4 4 4 4 3 3 3 3 3 1 4 1 3 3 3 1 1 3 4 1 4 1 1 3
split_gain=2.15784 7.44651 6.98801 2.95954 2.6789 3.96197 3.31504 3.7255 2.57326 2.25444 2.08462 1.96614 1.73739 6.07732 3.93149 2.32338 2.01439 2.86571 2.12189 1.90911 2.67385 1.69153 1.30894 1.12782
threshold=1.3934459785585513 1.1590733335721413 1.4178710168632118 1.4525995428688663 -0.0036110330324622083 -0.0002499382095468927 0.011175122328421697 0.0026027321925754681 0.063402702170335848 916.66666666666686 1.302834515416565 10583.333333333334 0.0067134768623633876 0.0060108777002229703 0.009373117496700686 4416.666666666667 1083.3333333333337 0.013563926385328712 1.0229840478324321 2083.3333333333335 0.8394784623526298 14416.66666666667 20083.333333333339 0.041395110199263473
decision_type=2 2 2 2 2 2 2 2 2 2 2 2 2 2 2 2 2 2 2 2 2 2 2 2
left_child=1 12 -2 -4 11 -6 7 -7 9 -5 -8 -3 13 19 15 -14 18 -18 -16 20 -1 -21 -17 -11
right_child=2 4 3 8 5 6 10 -9 -10 23 -12 -13 14 -15 16 22 17 -19 -20 21 -22 -23 -24 -25
leaf_value=0.0084481201466081474 0.019416052821562096 -0.0043176885566995069 -0.0081323783832785868 -0.006043316599021316 0.0059314867408253643 -0.0011139319075009941 -0.0050011038437185089 -0.015366078757610547 0.010975106819326392 0.0023778088790712497 0.0038124892297104066 -0.017006775154664554 0.015649784246839472 -0.014004433252660591 -0.00038544473287145534 0.0012511134890213806 -0.0031442647407605323 0.0030703849140146238 -0.0090354060581255263 -0.002058564191905702 -0.0049070355608067792 0.00071041651328084335 0.010957333000431011 -0.00543528061995939
leaf_weight=137.99148479104042 55.220759034156799 52.764934897422791 78.933505803346634 96.174831226468086 91.930248379707336 70.869588851928711 199.51821401715279 129.89383588731289 72.787048026919365 916.78618460893631 101.07950620353222 72.436541989445686 65.889559149742126 79.999791637063026 644.86785310506821 105.00711613893509 225.53130704164505 1045.0217651724815 79.655736789107323 921.62924629449844 51.452796190977097 1373.5093980580568 51.902648687362671 48.638916656374931
leaf_count=582 227 225 326 398 376 291 828 531 321 3756 421 295 278 327 2642 422 929 4402 326 3888 221 5597 208 219
internal_value=0.000161841 -0.000266841 0.00202079 0.0012291 -0.00501299 -0.00361048 -0.00536011 -0.0103351 0.00188049 0.00125693 -0.00203743 -0.0116591 0.000446197 -0.000440045 0.00147098 0.00777044 0.000767492 0.00196724 -0.00133644 -3.29281e-06 0.00482088 -0.000401487 0.00446174 0.00198418
internal_weight=6769.49 5500.95 1268.54 1213.32 718.493 593.291 501.361 200.763 1134.39 1061.6 300.598 125.201 4782.46 2564.58 2217.88 222.799 1995.08 1270.55 724.524 2484.58 189.444 2295.14 156.91 965.425
internal_count=28036 22789 5247 5020 2967 2447 2071 822 4694 4373 1249 520 19822 10615 9207 908 8299 5331 2968 10288 803 9485 630 3975
is_linear=0
shrinkage=0.05


Tree=78
num_leaves=25
num_cat=0
split_feature=4 4 4 4 3 3 1 3 4 3 4 1 3 3 3 4 3 4 1 1 3 3 3 3
split_gain=1.94763 6.75653 6.30274 5.13186 2.68691 3.24879 6.7515 4.9587 2.67217 2.32792 2.22284 2.23845 1.6471 5.79589 4.5945 2.55568 4.85289 4.07885 2.38781 1.6761 2.1394 1.25042 0.969636 2.60874
threshold=1.3934459785585513 1.1881749725085051 1.4178710168632118 1.2347092898506686 -0.0036110330324622083 0.0027342860657236187 23750.000000000004 0.0089400103080439202 1.4525995428688663 0.063402702170335848 4.175047981163817 916.66666666666686 0.0067134768623633876 0.0060108777002229703 0.0078929256278517275 0.33450334251730041 0.029613915315875771 0.44233537541247686 10583.333333333334 1916.6666666666667 0.0055810174763959467 -0.01303748090272789 0.00058808745195881851 0.015358351925061972
decision_type=2 2 2 2 2 2 2 2 2 2 2 2 2 2 2 2 2 2 2 2 2 2 2 2
left_child=1 12 -2 22 -5 6 -6 -7 -4 10 11 -10 13 19 18 16 -16 -17 -14 21 -21 -1 -3 -24
right_child=2 3 8 4 5 7 -8 -9 9 -11 -12 -13 14 -15 15 17 -18 -19 -20 20 -22 -23 23 -25
leaf_value=-0.0019334267139700283 0.018435850005216484 -0.0072156798661022177 -0.0077304941354353653 -0.01055738478628257 0.019111694404925245 -0.016096522424222333 -0.0063517766793969137 0.00018302677586174362 -0.0067481898164296582 0.01044459758497355 0.011408535956241616 0.0014265469324145092 0.019681830661305535 -0.013564399753220577 0.017328068577339033 -0.0073478724908649781 -0.0036658052152777408 0.0011041909811901388 0.0041640460228153714 -0.0006468529591037675 0.0094348545192006576 0.0073389380766204423 -0.024193832911836091 -0.0086655777774286985
leaf_weight=51.293347120285034 55.248151704668999 51.851291134953499 78.886394992470741 83.550751820206642 54.039438158273697 60.85971637070179 50.227329835295677 202.13200742006302 92.138444095849991 72.663132816553116 50.716565310955048 918.86151613295078 49.28592187166214 82.08828416466713 63.47704316675663 154.29578790068626 48.603682607412338 1906.2537604123354 49.878669202327728 2303.8356682956219 53.851688414812088 124.88203382492065 48.381947323679924 61.337429448962212
leaf_count=215 227 215 326 347 221 248 205 839 382 321 207 3784 201 336 259 640 202 7930 200 9526 220 531 199 255
internal_value=0.000153713 -0.000253605 0.00191979 -0.00520456 -0.00246437 -0.000623217 0.00684545 -0.00358427 0.00116771 0.0017865 0.00119395 0.000681535 0.000366695 -0.000488659 0.00135163 0.000871241 0.0082241 0.000471293 0.0118766 -6.50511e-05 -0.000416578 0.0046393 -0.0128502 -0.0155129
internal_weight=6768.64 5500.13 1268.51 612.38 450.809 367.258 104.267 262.992 1213.27 1134.38 1061.72 1011 4887.75 2615.95 2271.79 2172.63 112.081 2060.55 99.1646 2533.86 2357.69 176.175 161.571 109.719
internal_count=28036 22789 5247 2529 1860 1513 426 1087 5020 4694 4373 4166 20260 10828 9432 9031 461 8570 401 10492 9746 746 669 454
is_linear=0
shrinkage=0.05


Tree=79
num_leaves=10
num_cat=0
split_feature=1 1 4 3 4 3 1 4 4
split_gain=1.84293 3.41113 1.43091 1.37388 4.94291 4.05425 3.76368 1.65805 0.367803
threshold=174583.33333333334 104083.33333333336 4.175047981163817 0.035345302280308924 0.42974970541607022 0.033309695142484746 583.33333333333337 2.8730296977321461 0.34362791964489214
decision_type=2 2 2 2 2 2 2 2 2
left_child=1 2 3 5 8 7 -6 -1 -5
right_child=-2 -3 -4 4 6 -7 -8 -9 -10
leaf_value=5.597740863716339e-05 0.0098093927323311975 -0.0093230807860701197 0.0085590428094846939 -0.0059532913418406594 -0.0013330274634444173 -0.01404468259530082 0.0047939886005907749 -0.0068280259093730089 -0.01208423852262154
leaf_weight=5234.9517146497965 48.981571033596992 95.173304691910744 50.931577682495117 47.850963234901428 386.80142362415791 52.327909559011459 712.02715393900871 88.955484956502914 50.048254162073135
leaf_count=21612 204 390 208 199 1561 216 3076 362 208
internal_value=0.000145978 7.5532e-05 0.000210573 0.000145884 0.00167805 -0.00019517 0.0026372 -5.90452e-05 -0.00908757
internal_weight=6768.05 6719.07 6623.89 6572.96 1196.73 5376.24 1098.83 5323.91 97.8992
internal_count=28036 27832 27442 27234 5044 22190 4637 21974 407
is_linear=0
shrinkage=0.05


end of trees

feature_importances:
min3_relative_position=949
tic_volume_spike=597
tic_velocity=556

parameters:
[boosting: gbdt]
[objective: binary]
[metric: auc]
[tree_learner: serial]
[device_type: cpu]
[data_sample_strategy: bagging]
[data: ]
[valid: ]
[num_iterations: 500]
[learning_rate: 0.05]
[num_leaves: 32]
[num_threads: 0]
[seed: 0]
[deterministic: 0]
[force_col_wise: 1]
[force_row_wise: 0]
[histogram_pool_size: -1]
[max_depth: 6]
[min_data_in_leaf: 200]
[min_sum_hessian_in_leaf: 0.001]
[bagging_fraction: 0.8]
[pos_bagging_fraction: 1]
[neg_bagging_fraction: 1]
[bagging_freq: 5]
[bagging_seed: 3]
[bagging_by_query: 0]
[feature_fraction: 0.9]
[feature_fraction_bynode: 1]
[feature_fraction_seed: 2]
[extra_trees: 0]
[extra_seed: 6]
[early_stopping_round: 0]
[early_stopping_min_delta: 0]
[first_metric_only: 0]
[max_delta_step: 0]
[lambda_l1: 0]
[lambda_l2: 0]
[linear_lambda: 0]
[min_gain_to_split: 0]
[drop_rate: 0.1]
[max_drop: 50]
[skip_drop: 0.5]
[xgboost_dart_mode: 0]
[uniform_drop: 0]
[drop_seed: 4]
[top_rate: 0.2]
[other_rate: 0.1]
[min_data_per_group: 100]
[max_cat_threshold: 32]
[cat_l2: 10]
[cat_smooth: 10]
[max_cat_to_onehot: 4]
[top_k: 20]
[monotone_constraints: ]
[monotone_constraints_method: basic]
[monotone_penalty: 0]
[feature_contri: ]
[forcedsplits_filename: ]
[refit_decay_rate: 0.9]
[cegb_tradeoff: 1]
[cegb_penalty_split: 0]
[cegb_penalty_feature_lazy: ]
[cegb_penalty_feature_coupled: ]
[path_smooth: 0]
[interaction_constraints: ]
[verbosity: -1]
[saved_feature_importance_type: 0]
[use_quantized_grad: 0]
[num_grad_quant_bins: 4]
[quant_train_renew_leaf: 0]
[stochastic_rounding: 1]
[linear_tree: 0]
[max_bin: 255]
[max_bin_by_feature: ]
[min_data_in_bin: 3]
[bin_construct_sample_cnt: 200000]
[data_random_seed: 1]
[is_enable_sparse: 1]
[enable_bundle: 1]
[use_missing: 1]
[zero_as_missing: 0]
[feature_pre_filter: 1]
[pre_partition: 0]
[two_round: 0]
[header: 0]
[label_column: ]
[weight_column: ]
[group_column: ]
[ignore_column: ]
[categorical_feature: ]
[forcedbins_filename: ]
[precise_float_parser: 0]
[parser_config_file: ]
[objective_seed: 5]
[num_class: 1]
[is_unbalance: 0]
[scale_pos_weight: 1]
[sigmoid: 1]
[boost_from_average: 1]
[reg_sqrt: 0]
[alpha: 0.9]
[fair_c: 1]
[poisson_max_delta_step: 0.7]
[tweedie_variance_power: 1.5]
[lambdarank_truncation_level: 30]
[lambdarank_norm: 1]
[label_gain: ]
[lambdarank_position_bias_regularization: 0]
[eval_at: ]
[multi_error_top_k: 1]
[auc_mu_weights: ]
[num_machines: 1]
[local_listen_port: 12400]
[time_out: 120]
[machine_list_filename: ]
[machines: ]
[gpu_platform_id: -1]
[gpu_device_id: -1]
[gpu_use_dp: 0]
[num_gpu: 1]

end of parameters

pandas_categorical:[]
